Data;Otwarcie;Najwyzszy;Najnizszy;Zamkniecie;Wolumen
2017-01-02;14.9391;15.3227;14.0318;15.2951;3389.9742387146
2017-01-03;14.9677;14.9677;14.9677;14.9677;38.5339578436
2017-01-04;14.9578;14.9578;14.2379;14.873;1696.5081966406
2017-01-05;14.8276;14.8276;14.2468;14.7714;1627.552693131
2017-01-09;14.7714;14.7714;14.7527;14.7527;1605.2435596426
2017-01-10;14.7527;14.7527;14.1255;14.2744;499.9274004446
2017-01-11;14.2744;14.2744;14.2744;14.2744;2.0281030444
2017-01-12;14.2744;14.2744;13.6117;14.2655;2140.6627633642
2017-01-13;14.2567;14.2567;14.2468;14.2468;1070.8384074432
2017-01-16;13.7133;14.2182;13.7133;14.2182;64.8992974208
2017-01-17;14.2182;14.2182;14.2084;14.2084;2.0281030444
2017-01-18;14.2084;14.2084;14.2084;14.2084;66.9274004652
2017-01-19;14.2084;14.2084;13.667;14.2084;165.2903981186
2017-01-20;14.2084;14.2084;14.2084;14.2084;2.0281030444
2017-01-23;14.2084;14.2084;14.2084;14.2084;2.0281030444
2017-01-24;14.2084;14.2084;14.0121;14.2084;489.7868852226
2017-01-25;14.2084;14.2084;13.7606;14.2084;278.864168605
2017-01-26;14.0318;14.0318;13.9372;14.0318;215.9929742286
2017-01-27;14.0318;14.0318;13.7784;14.0318;274.8079625162
2017-01-30;13.9372;14.5929;13.7695;14.5929;2682.166276219
2017-01-31;14.9677;16.0524;14.9578;15.9499;25179.913347748
2017-02-01;16.0988;16.5199;15.9124;16.2763;11389.82669735
2017-02-02;16.1836;16.1836;15.7625;15.9025;1615.3840748646
2017-02-03;15.9025;16.155;15.6886;16.155;2141.6768148864
2017-02-06;16.1737;16.1737;15.9025;15.9025;910.6182669356
2017-02-07;16.1737;16.1737;15.1067;15.8089;3766.1873534508
2017-02-08;16.0051;16.0051;15.8927;15.8927;2.0281030444
2017-02-09;15.8927;15.8927;15.3414;15.5288;688.5409835738
2017-02-10;15.8927;15.8927;15.8838;15.8927;57.8009367654
2017-02-13;15.8927;15.8927;15.8089;15.8089;2.0281030444
2017-02-14;15.8927;15.9025;15.1639;15.8838;2800.8103043164
2017-02-15;16.1639;16.1639;15.4341;15.5377;553.6721311212
2017-02-16;15.8927;15.9025;15.4341;15.8089;1023.1779858998
2017-02-17;15.8089;15.8089;15.4341;15.7625;1653.9180327082
2017-02-20;15.7063;15.7901;15.1728;15.7901;1435.8969554352
2017-02-21;15.7063;15.7063;15.3227;15.3227;522.236533933
2017-02-22;15.303;15.9025;15.303;15.9025;1828.3348945266
2017-02-23;15.9025;15.9025;15.9025;15.9025;220.0491803174
2017-02-24;16.0337;16.0337;15.303;15.9025;2875.8501169592
2017-02-27;16.0337;16.0337;15.9025;15.9025;1087.0632317984
2017-02-28;16.0337;16.0337;15.9025;15.9025;429.9578454128
2017-03-01;15.9025;15.9025;15.9025;15.9025;17.2388758774
2017-03-02;15.9025;15.9025;15.9025;15.9025;13.1826697886
2017-03-03;15.9025;15.9025;15.4341;15.9025;924.8149882464
2017-03-06;15.2665;15.4341;15.2665;15.2852;2849.484777382
2017-03-07;15.8089;15.8089;15.7803;15.7803;34.4777517548
2017-03-08;15.1728;15.4341;15.1728;15.4341;758.5105386056
2017-03-09;15.6126;15.6126;14.9766;15.0604;1327.3934425598
2017-03-10;14.9943;15.584;14.9943;15.584;1477.4730678454
2017-03-13;15.8463;15.8463;15.7901;15.7901;12.1686182664
2017-03-14;15.7901;15.7901;15.7063;15.7901;321.4543325374
2017-03-15;15.7063;15.8089;15.6964;15.8089;221.0632318396
2017-03-16;15.8927;15.8927;15.8651;15.8651;1275.6768149276
2017-03-17;15.8463;15.8463;15.4824;15.5288;2849.484777382
2017-03-20;15.7625;15.7625;14.9766;15.5288;2268.4332551614
2017-03-21;15.8463;15.8463;15.0239;15.7152;491.814988267
2017-03-22;15.7152;15.7152;15.1067;15.7152;5.070257611
2017-03-23;15.7152;15.7152;15.7152;15.7152;2.0281030444
2017-03-24;15.7152;15.7152;15.1067;15.7152;12.1686182664
2017-03-27;15.3878;15.8927;15.3878;15.8927;601.3325526646
2017-03-28;15.8927;15.9025;15.3503;15.8089;1626.5386416088
2017-03-29;15.8838;16.1836;15.4341;16.1737;8837.459015973
2017-03-30;16.8384;18.0543;15.9124;16.51;62758.634657436
2017-03-31;16.8384;16.9311;16.5573;16.651;23471.236532841
2017-04-03;16.8285;16.8285;16.155;16.1639;22906.409834976
2017-04-04;16.1737;16.7911;15.7803;16.0426;21471.526931063
2017-04-05;16.3236;16.3236;15.5377;15.9025;4224.5386414852
2017-04-06;16.2763;16.2763;15.7625;15.9025;2202.5199062184
2017-04-07;15.9025;15.9025;15.5377;15.9025;1949.0070256684
2017-04-10;15.9025;15.9025;15.8089;15.9025;9030.128805191
2017-04-11;15.8927;15.8927;15.4824;15.5288;1692.4519905518
2017-04-12;15.8927;15.8927;15.4341;15.5288;1846.5878219262
2017-04-13;15.5288;15.8552;15.4341;15.5288;14260.606556699
2017-04-18;15.8463;15.8463;15.4341;15.4341;787.9180327494
2017-04-19;15.7625;15.7625;15.4341;15.4341;125.7423887528
2017-04-20;15.4341;15.4341;14.3227;14.9677;6796.1733017844
2017-04-21;14.9677;15.3878;14.7428;14.9677;2002.751756345
2017-04-24;15.2014;15.2014;14.9578;14.9677;1771.5480092834
2017-04-25;14.7527;14.873;14.7428;14.873;4413.1522246144
2017-04-26;14.5466;14.873;14.4993;14.873;1144.8641685638
2017-04-27;14.8543;14.873;14.5466;14.873;212.950819662
2017-04-28;14.9677;14.9677;14.6018;14.9578;2422.5690865358
2017-05-02;14.9578;15.014;14.7981;15.014;3648.5573768756
2017-05-04;15.014;15.014;14.9578;14.9578;13.1826697886
2017-05-05;15.014;15.014;14.6018;14.7803;1184.4121779296
2017-05-08;14.7803;14.9578;14.733;14.9578;541.5035128548
2017-05-09;14.9578;14.9578;14.6393;14.9578;1105.316159198
2017-05-10;14.9578;14.9578;14.1255;14.6393;3218.5995314628
2017-05-11;14.948;14.948;14.8276;14.8276;536.4332552438
2017-05-12;14.6965;14.8276;13.8257;14.7803;3218.5995314628
2017-05-15;14.7803;14.8641;14.3227;14.8641;1144.8641685638
2017-05-16;14.8641;14.8641;14.1166;14.1255;5809.5011706838
2017-05-17;14.4894;14.4894;14.0594;14.4894;2812.9789225828
2017-05-18;14.4894;14.4894;13.9372;14.0318;558.7423887322
2017-05-19;14.4894;14.4894;13.5634;13.9944;7168.3302104318
2017-05-22;13.9944;13.9944;13.9845;13.9845;136.896955497
2017-05-23;13.8918;13.9845;13.8918;13.9845;257.5690866388
2017-05-24;13.9845;13.9845;13.9667;13.9667;2.0281030444
2017-05-25;13.9667;13.9944;13.5634;13.6581;3858.466041971
2017-05-26;13.9667;13.9667;13.5457;13.9194;1551.498828966
2017-05-29;13.9194;14.0121;13.4234;14.0121;2460.0889928572
2017-05-30;14.0121;14.7714;13.5831;14.5742;3871.6487117596
2017-05-31;14.7428;14.7428;14.0516;14.4618;13309.426228875
2017-06-01;14.7142;14.7142;14.4529;14.4529;653.0491802968
2017-06-02;14.4529;14.4529;14.0417;14.4529;1348.688524526
2017-06-05;14.4056;14.4056;14.1255;14.4056;542.517564377
2017-06-06;14.4056;14.4056;14.2932;14.2932;2.0281030444
2017-06-07;14.4056;14.4056;14.1255;14.1255;49.6885245878
2017-06-08;14.378;14.378;13.7133;13.9007;1075.9086650542
2017-06-09;13.9007;13.9007;13.9007;13.9007;2.0281030444
2017-06-12;13.9007;13.9007;13.4707;13.6117;1656.9601872748
2017-06-13;13.6019;13.9007;13.4234;13.6117;1171.229508141
2017-06-14;13.8819;13.8819;13.8819;13.8819;2.0281030444
2017-06-16;13.8819;13.9372;12.5349;13.5171;18566.26931996
2017-06-19;13.5368;14.0121;12.8524;14.0121;1143.8501170416
2017-06-20;14.0032;14.0318;13.7981;14.0318;2192.3793909964
2017-06-21;14.0318;14.0318;14.022;14.022;2.0281030444
2017-06-22;14.0318;14.0318;14.0318;14.0318;2.0281030444
2017-06-23;14.0318;14.0318;14.0318;14.0318;2.0281030444
2017-06-26;14.022;14.022;14.022;14.022;2.0281030444
2017-06-27;14.3967;14.3967;12.741;13.096;5834.8524587388
2017-06-28;13.096;13.3573;13.0871;13.096;2178.1826696856
2017-06-29;13.096;13.096;13.096;13.096;215.9929742286
2017-06-30;13.096;13.1985;13.096;13.1985;1060.6978922212
2017-07-03;13.3573;13.4234;13.1985;13.4234;1638.7072598752
2017-07-04;13.7133;13.7133;13.4421;13.4421;2.0281030444
2017-07-05;13.4421;13.4421;12.8159;12.8159;1199.6229507626
2017-07-06;13.096;13.096;13.096;13.096;2.0281030444
2017-07-07;13.096;13.096;12.7775;13.096;853.8313816924
2017-07-10;13.096;13.096;13.096;13.096;3.0421545666
2017-07-11;13.0871;13.0871;13.0871;13.0871;48.6744730656
2017-07-12;13.0871;13.0871;13.0871;13.0871;92.2786885202
2017-07-13;13.0871;13.0871;12.6857;13.0023;200.7822013956
2017-07-14;13.0871;13.0871;13.0871;13.0871;2.0281030444
2017-07-17;13.0871;13.0871;12.6857;12.6857;1006.9531615446
2017-07-18;13.0871;13.0871;12.6759;12.6759;1913.5152223914
2017-07-19;13.0684;13.0684;12.6285;13.0398;1718.817330129
2017-07-20;13.0309;13.0309;12.9648;13.0309;54.7587821988
2017-07-21;13.0309;13.0309;13.0309;13.0309;2.0281030444
2017-07-24;13.0309;13.0309;12.9086;12.9086;27.3793910994
2017-07-25;12.9086;12.9086;12.9086;12.9086;2.0281030444
2017-07-26;12.9086;14.1995;12.3574;13.9845;22644.784542248
2017-07-27;14.4894;14.658;14.4894;14.4894;2462.1170959016
2017-07-28;14.3227;14.7616;14.3227;14.7616;4192.0889927748
2017-07-31;14.7616;15.1067;13.5269;15.1067;10436.618266482
2017-08-01;15.0693;15.0693;14.9578;15.0042;235.2599531504
2017-08-02;15.1067;15.1067;14.9677;14.9677;759.5245901278
2017-08-03;14.9677;14.9677;14.873;14.873;6.0843091332
2017-08-04;14.873;14.873;14.8276;14.8276;162.248243552
2017-08-07;14.8276;14.8276;14.8178;14.8178;2345.5011708486
2017-08-08;14.8276;14.873;14.8276;14.8276;864.9859484366
2017-08-09;14.948;14.948;14.3129;14.948;2902.2154565364
2017-08-10;14.948;14.948;14.948;14.948;2.0281030444
2017-08-11;14.948;14.948;14.9391;14.948;82.1381732982
2017-08-14;14.948;14.948;14.3494;14.8276;1368.96955497
2017-08-16;14.9194;14.9194;14.9115;14.9115;34.4777517548
2017-08-17;14.9026;14.9026;14.9026;14.9026;1.0140515222
2017-08-18;14.9026;14.9026;14.873;14.873;5346.0796250384
2017-08-21;14.8641;14.8641;14.733;14.8641;109.5175643976
2017-08-22;14.8641;14.8641;14.8641;14.8641;2.0281030444
2017-08-23;14.8641;14.8641;14.8641;14.8641;2.0281030444
2017-08-24;14.8641;14.8641;14.2182;14.8276;2952.9180326464
2017-08-25;14.8276;14.8454;14.1719;14.8454;3909.168618081
2017-08-28;14.8454;14.8454;14.303;14.303;3713.4566742964
2017-08-29;14.6768;14.6768;14.1719;14.1719;2686.2224823078
2017-08-30;14.0782;14.6768;14.0782;14.5929;10270.313816842
2017-08-31;14.7527;14.8178;14.1817;14.7616;15988.550350527
2017-09-01;14.7803;14.7803;14.2182;14.7803;1301.0281029826
2017-09-04;14.7714;14.7714;14.7714;14.7714;291.0327868714
2017-09-05;14.7803;14.7803;14.6866;14.6866;1884.1077282476
2017-09-06;14.6768;14.6866;14.2843;14.6866;769.6651053498
2017-09-07;14.7428;14.7428;14.7428;14.7428;35.491803277
2017-09-08;14.7428;14.7803;14.4056;14.4894;1227.002341862
2017-09-11;14.2182;14.7616;14.0782;14.7616;749.3840749058
2017-09-12;14.7616;14.7616;14.7616;14.7616;1.0140515222
2017-09-13;14.7527;14.7527;14.4993;14.4993;541.5035128548
2017-09-14;14.7527;14.7527;14.0782;14.1334;16130.517563635
2017-09-15;14.6866;14.6866;14.1334;14.3681;4687.9601871306
2017-09-18;14.6866;14.6866;14.1255;14.2655;6366.2154563716
2017-09-19;14.6866;14.6866;14.0318;14.4342;2778.501170828
2017-09-20;14.6866;14.6866;14.0782;14.4342;2302.9110069162
2017-09-21;14.6866;14.6866;14.0417;14.4056;1178.3278687964
2017-09-22;14.6768;14.6768;14.4056;14.4056;2675.0679155636
2017-09-25;14.6768;14.7616;14.0417;14.1817;11180.932083777
2017-09-26;14.7616;14.7616;14.1334;14.1334;1091.1194378872
2017-09-27;14.6679;14.6679;14.2182;14.2182;4855.2786882936
2017-09-28;14.5367;14.5929;14.0683;14.5929;1075.9086650542
2017-09-29;14.6768;14.6768;14.5929;14.5929;2.0281030444
2017-10-02;14.6679;14.7231;14.5929;14.6768;1071.8524589654
2017-10-03;14.6965;14.6965;14.1334;14.6768;188.6135831292
2017-10-04;14.6768;14.6768;14.5841;14.5841;2.0281030444
2017-10-05;14.4056;14.4056;13.6768;14.1255;6864.1147537718
2017-10-06;14.1255;14.6393;14.0318;14.6393;1540.3442622218
2017-10-09;14.6768;14.6768;14.0318;14.0318;1683.325526852
2017-10-10;14.2567;14.2567;13.9372;13.9372;749.3840749058
2017-10-11;14.3129;14.3129;13.377;13.9372;747.3559718614
2017-10-12;14.3129;14.3129;14.1916;14.1916;220.0491803174
2017-10-13;14.2084;14.2084;13.5733;14.1166;75.0398126428
2017-10-16;14.5643;14.5643;14.0318;14.4993;7.0983606554
2017-10-17;14.5841;14.5841;14.5841;14.5841;1.0140515222
2017-10-18;14.2084;14.2084;14.2084;14.2084;100.3911006978
2017-10-19;14.2084;14.2084;14.2084;14.2084;1.0140515222
2017-10-20;14.5841;14.5841;13.6206;14.1719;520.2084308886
2017-10-23;14.4431;14.4431;14.163;14.1719;162.248243552
2017-10-24;14.2182;14.2182;14.1995;14.1995;13.1826697886
2017-10-25;14.1995;14.1995;13.6285;14.0318;869.0421545254
2017-10-26;14.0318;14.0318;12.9569;13.5634;4585.5409833884
2017-10-27;13.8445;13.8445;12.9185;13.0871;8007.9648708134
2017-10-30;13.0772;13.096;13.0772;13.096;1098.2177985426
2017-10-31;13.096;13.2557;13.0871;13.0871;7028.3911003682
2017-11-02;13.0871;13.6581;13.0871;13.6581;2066.6370022436
2017-11-03;13.8445;14.4529;13.6581;14.0594;6202.9531612974
2017-11-06;14.4717;14.4717;13.4421;13.9194;365.058547992
2017-11-07;13.9372;13.9372;13.8918;13.8918;7.0983606554
2017-11-08;13.9372;13.9372;13.4145;13.7981;1901.346604125
2017-11-09;13.9372;13.9372;13.4707;13.7981;1087.0632317984
2017-11-10;13.947;13.947;13.1532;13.1907;2521.9461357114
2017-11-13;13.1058;13.1157;12.741;13.0871;2894.1030443588
2017-11-14;13.096;13.947;13.096;13.5171;1714.7611240402
2017-11-15;13.9569;13.9569;13.9569;13.9569;1.0140515222
2017-11-16;13.9667;13.9667;13.5634;13.7034;353.9039812478
2017-11-17;13.9667;13.9667;13.9667;13.9667;1.0140515222
2017-11-20;13.9667;13.9667;13.7034;13.7034;215.9929742286
2017-11-21;13.7034;13.7034;13.6581;13.6581;4693.0304447416
2017-11-22;13.6581;13.6581;13.2833;13.6482;4005.50351269
2017-11-23;13.6482;13.6482;13.6117;13.6117;79.0960187316
2017-11-24;13.6482;13.9845;13.6482;13.9845;2880.9203745702
2017-11-27;14.0318;14.0318;13.6581;13.6581;1710.7049179514
2017-11-28;14.0318;14.4056;13.5831;14.3129;5643.196721043
2017-11-29;14.3129;14.3129;14.022;14.0318;4467.9110068132
2017-11-30;14.3878;14.3967;14.0318;14.303;605.3887587534
2017-12-01;14.3967;14.3967;13.7508;14.2182;2851.5128804264
2017-12-04;14.3405;14.3405;14.303;14.303;1368.96955497
2017-12-05;14.3129;14.3129;14.2084;14.2084;7286.9742385292
2017-12-06;13.8445;14.1719;13.8445;13.9194;533.3911006772
2017-12-07;14.2182;14.2182;13.9194;14.0318;748.3700233836
2017-12-08;14.3129;14.3129;13.9007;14.2182;3683.0351286304
2017-12-11;14.2182;14.303;13.9007;14.1255;5625.9578451656
2017-12-12;14.2932;14.2932;14.1433;14.1719;234.2459016282
2017-12-13;13.8169;14.0417;13.8169;14.0417;128.7845433194
2017-12-14;13.8445;14.0318;13.8445;14.0318;118.6440280974
2017-12-15;14.0683;14.7803;13.7606;14.7803;50982.454330127
2017-12-18;14.9578;15.4341;14.6117;15.1541;6274.9508193736
2017-12-19;15.1541;15.1541;14.8543;15.1353;526.2927400218
2017-12-20;15.1265;15.1353;15.1265;15.1353;1337.5339577818
2017-12-21;15.1442;16.0889;15.1442;15.9499;7002.025760791
2017-12-22;15.9025;15.9025;15.8927;15.8927;24.3372365328
2017-12-27;16.0426;16.3512;15.8089;15.8463;4486.1639342128
2017-12-28;16.2763;16.2763;15.6037;15.8463;8852.669788806
2017-12-29;15.8089;15.9025;15.659;15.8;15125.592505135
2018-01-03;15.9025;15.9962;15.3414;15.7152;9116.323184578
2018-01-04;15.7625;15.7625;14.6393;15.2014;9461.100702126
2018-01-05;15.6688;15.6688;15.4341;15.4341;1087.0632317984
2018-01-08;15.4341;15.4341;15.2951;15.3878;17000.573769683
2018-01-09;15.6688;16.1836;15.2477;15.4341;66603.918029618
2018-01-10;15.7152;15.8089;15.5288;15.6688;6898.5925055266
2018-01-11;15.8089;15.9499;15.5742;15.8089;46697.07259731
2018-01-12;15.8089;15.8089;15.4824;15.7625;4723.4519904076
2018-01-15;15.6225;16.5573;15.6225;16.37;59310.859481956
2018-01-16;16.51;17.3058;16.51;16.7437;37291.744728905
2018-01-17;16.6984;16.8847;16.2299;16.4646;10986.234191515
2018-01-18;16.2763;16.8384;16.1836;16.8384;5347.0936765606
2018-01-19;16.8847;16.9311;16.37;16.37;7638.8501167326
2018-01-22;16.7437;16.7437;16.2299;16.37;2159.929742286
2018-01-23;16.6037;16.6037;15.9025;16.1836;2322.177985838
2018-01-24;16.1836;16.1836;16.0426;16.1372;2801.8243558386
2018-01-25;16.1836;16.37;15.9025;16.2763;5480.948477491
2018-01-26;16.4173;16.4173;16.3236;16.3236;536.4332552438
2018-01-29;16.3236;16.651;15.9025;16.2763;3378.8196719704
2018-01-30;16.2763;16.37;15.9962;16.37;16946.829039006
2018-01-31;16.51;16.651;16.37;16.651;25100.817329017
2018-02-01;16.7437;17.9606;16.6984;17.4932;22571.77283265
2018-02-02;17.8669;17.8669;16.651;16.8384;9115.3091330558
2018-02-05;16.0889;16.651;16.0889;16.1836;12725.332552088
2018-02-06;15.8089;15.8089;15.1541;15.5288;18190.056205224
2018-02-07;15.4824;15.9962;15.4824;15.9962;3254.0913347398
2018-02-08;16.0889;16.0889;15.5288;15.8089;1224.9742388176
2018-02-09;15.3414;15.8089;15.2951;15.6688;1909.4590163026
2018-02-12;15.9025;15.9025;15.4341;15.8552;931.9133489018
2018-02-13;16.0426;16.0426;15.4824;15.8089;1783.7166275498
2018-02-14;16.0889;16.0889;15.9025;15.9962;661.1615924744
2018-02-15;16.0426;16.0426;15.5742;15.9499;2735.9110068956
2018-02-16;15.9499;15.9499;15.2014;15.3878;10595.824355468
2018-02-19;15.7152;15.7152;15.4341;15.6688;1268.5784542722
2018-02-20;15.7152;15.7152;15.3878;15.6688;1179.3419203186
2018-02-21;15.6688;15.6688;15.2014;15.2477;3452.845433091
2018-02-22;15.5288;15.5288;15.2951;15.4341;126.756440275
2018-02-23;15.6225;15.6225;14.873;15.2014;3830.0725993494
2018-02-26;15.1541;15.2014;14.9194;15.2014;585.1077283094
2018-02-27;15.1541;15.1541;14.9677;15.014;1358.829039748
2018-02-28;15.2014;15.2014;14.0782;14.3592;11023.754097836
2018-03-01;14.2182;14.4993;14.0782;14.4993;1908.4449647804
2018-03-02;14.9194;14.9677;14.8276;14.8276;2141.6768148864
2018-03-05;14.9677;14.9677;14.2182;14.6866;701.7236533624
2018-03-06;14.9194;14.9194;14.3592;14.8276;5940.3138170476
2018-03-07;14.8276;14.8276;14.4529;14.7803;2335.3606556266
2018-03-08;14.7803;14.8276;14.5929;14.8276;382.2974238694
2018-03-09;14.8276;14.8276;14.4529;14.8276;153.1217798522
2018-03-12;14.4056;14.5929;14.2182;14.5929;2956.9742387352
2018-03-13;14.5929;14.5929;14.5466;14.5929;684.484777485
2018-03-14;14.5929;14.5929;14.3592;14.4993;923.8009367242
2018-03-15;14.873;14.873;14.5466;14.5929;703.7517564068
2018-03-16;14.8276;14.8276;14.8276;14.8276;132.8407494082
2018-03-19;14.7803;14.873;14.6866;14.873;104.4473067866
2018-03-20;14.873;14.9194;14.6866;14.9194;273.793910994
2018-03-21;14.9194;14.9677;14.6866;14.9677;1489.6416861118
2018-03-22;15.1067;15.3878;14.9194;15.2951;2114.297423787
2018-03-23;15.3414;15.3414;15.0604;15.2477;527.306791544
2018-03-26;15.3414;15.3414;15.1541;15.3414;773.7213114386
2018-03-27;15.3414;15.3414;15.014;15.3414;4465.8829037688
2018-03-28;15.3414;15.3414;15.2477;15.2951;112.5597189642
2018-03-29;15.2951;15.2951;15.1067;15.2477;221.0632318396
2018-04-03;15.2477;15.2477;15.0604;15.2477;260.6112412054
2018-04-04;15.2477;15.2477;14.9677;14.9677;255.5409835944
2018-04-05;14.9677;15.2014;14.6866;15.2014;385.339578436
2018-04-06;15.2014;15.2014;14.733;14.8276;654.063231819
2018-04-09;14.9677;15.3414;14.9677;15.3414;2271.475409728
2018-04-10;15.3414;15.9025;15.3414;15.8552;3921.3372363474
2018-04-11;15.8089;15.8089;15.4341;15.7625;2157.9016392416
2018-04-12;15.7625;15.7625;15.5288;15.6688;1391.2786884584
2018-04-13;15.7625;15.8552;15.5742;15.8552;1688.395784463
2018-04-16;15.8552;15.9962;15.6225;15.9962;1353.758782137
2018-04-17;15.9962;16.1836;15.9025;16.1836;5454.5831379138
2018-04-18;16.1836;16.2763;16.0889;16.2763;1562.6533957102
2018-04-19;16.3236;16.5573;16.1372;16.5573;3637.4028101314
2018-04-20;16.51;16.6037;16.4646;16.6037;3366.651053704
2018-04-23;16.6037;16.6037;16.6037;16.6037;1.0140515222
2018-04-24;16.5573;16.651;16.51;16.651;3830.0725993494
2018-04-25;16.37;16.5573;15.8089;15.8089;3702.3021075522
2018-04-26;15.9025;16.5573;15.9025;16.37;54055.030442393
2018-04-27;16.37;16.7911;15.9025;15.9499;5526.58079599
2018-04-30;16.37;16.37;15.8089;16.2763;206.8665105288
2018-05-02;16.6037;16.6037;16.5573;16.5573;2.0281030444
2018-05-04;16.5573;16.5573;15.8089;16.2763;167.318501163
2018-05-07;16.2763;16.2763;15.9025;16.2763;483.7025760894
2018-05-08;16.3236;16.3236;15.6225;16.2299;1544.4004683106
2018-05-09;15.7152;16.1836;15.7152;16.1836;600.3185011424
2018-05-10;16.1372;16.4646;16.0889;16.37;1394.320843025
2018-05-11;16.4173;16.4173;15.9025;16.2763;590.1779859204
2018-05-14;16.51;17.0721;15.8089;15.9025;14441.10772765
2018-05-15;16.1836;16.1836;15.5742;15.6225;7332.6065570282
2018-05-16;15.9025;15.9025;15.2014;15.4341;1852.6721310594
2018-05-17;15.7625;15.7625;14.873;14.873;2737.93910994
2018-05-18;14.873;15.3878;14.5466;15.3878;817.3255268932
2018-05-21;15.3878;15.3878;14.9677;15.2477;591.1920374426
2018-05-22;15.2477;15.2477;14.7803;15.2477;1071.8524589654
2018-05-23;15.2477;15.2951;15.2014;15.2477;376.2131147362
2018-05-24;15.2477;15.7152;15.2477;15.7152;967.4051521788
2018-05-25;15.7152;15.7152;15.014;15.5742;1071.8524589654
2018-05-28;15.5742;15.5742;14.9677;14.9677;1182.3840748852
2018-05-29;15.2951;15.2951;14.9677;14.9677;138.9250585414
2018-05-30;14.733;14.733;14.1255;14.5929;6268.8665102404
2018-06-01;14.5929;14.5929;13.3307;13.7981;2688.2505853522
2018-06-04;13.5634;14.733;13.5634;14.0318;5030.7096016342
2018-06-05;14.0318;14.3129;14.0318;14.3129;1497.7540982894
2018-06-06;14.6393;14.873;14.2655;14.5466;3074.6042153104
2018-06-07;14.7803;14.873;14.6866;14.873;821.381732982
2018-06-08;14.9194;14.9194;14.4993;14.8276;272.7798594718
2018-06-11;14.8276;14.873;14.8276;14.873;409.6768149688
2018-06-12;14.873;14.873;14.7803;14.873;109.5175643976
2018-06-13;14.873;14.873;14.6866;14.873;642.9086650748
2018-06-14;14.873;14.873;14.6393;14.873;392.4379390914
2018-06-15;14.873;14.873;14.7803;14.7803;107.4894613532
2018-06-18;14.7803;14.7803;14.5929;14.733;133.8548009304
2018-06-19;14.8276;14.8276;14.3129;14.5929;387.3676814804
2018-06-20;14.8276;14.8276;14.7803;14.7803;118.6440280974
2018-06-21;14.8276;14.8276;14.7803;14.8276;553.6721311212
2018-06-22;14.8276;14.8276;14.2655;14.733;1514.9929741668
2018-06-25;14.733;14.733;14.1255;14.733;818.3395784154
2018-06-26;14.733;14.733;14.3129;14.5929;378.2412177806
2018-06-27;14.733;14.733;13.8445;14.5929;1180.3559718408
2018-06-28;14.6393;14.6393;13.8445;14.5929;1492.6838406784
2018-06-29;14.5929;14.5929;14.1255;14.2182;1079.964871143
2018-07-02;14.6393;14.6393;14.2182;14.5929;34.4777517548
2018-07-03;14.5929;14.5929;14.2182;14.5929;121.686182664
2018-07-04;14.5929;14.5929;14.0318;14.5929;365.058547992
2018-07-05;14.5929;14.5929;14.2182;14.4993;429.9578454128
2018-07-06;14.5466;15.1067;14.5466;14.873;4648.4121777648
2018-07-09;14.9677;14.9677;14.9194;14.9194;198.7540983512
2018-07-10;14.9677;15.1067;14.8276;15.1067;1650.8758781416
2018-07-11;15.1067;15.1067;14.873;14.873;317.3981264486
2018-07-12;14.9194;14.9194;14.873;14.873;626.6838407196
2018-07-13;14.873;14.9677;14.873;14.9677;2.0281030444
2018-07-16;15.1067;15.1067;14.2182;14.2182;2725.7704916736
2018-07-17;14.4529;14.6866;14.0782;14.6866;1541.358313744
2018-07-18;14.6866;14.8276;14.6866;14.8276;1676.2271661966
2018-07-19;14.873;14.873;14.4056;14.8276;632.7681498528
2018-07-20;14.7803;14.8276;14.5929;14.6866;756.4824355612
2018-07-23;14.873;14.873;14.1255;14.4993;4322.9016391386
2018-07-24;14.5466;14.5466;14.1255;14.4056;918.7306791132
2018-07-25;14.5466;14.5466;14.3129;14.5466;109.5175643976
2018-07-26;14.5466;14.5466;14.5466;14.5466;231.2037470616
2018-07-27;14.4993;14.4993;14.2655;14.2655;392.4379390914
2018-07-30;14.5929;14.5929;13.9372;13.9845;3248.0070256066
2018-07-31;14.4529;14.4529;13.7508;14.0318;1035.3466041662
2018-08-01;14.4529;14.4529;14.2655;14.4529;178.4730679072
2018-08-02;14.3129;14.3129;13.7034;14.2655;416.7751756242
2018-08-03;14.2655;14.8276;13.9372;14.1255;7869.039812272
2018-08-06;14.4056;14.4056;13.5634;14.4056;1504.8524589448
2018-08-07;14.4056;14.4056;13.7034;13.8918;3182.0936766636
2018-08-08;13.8445;13.8445;13.236;13.2833;16121.391099936
2018-08-09;13.5171;14.3592;13.1907;13.6581;12707.079624688
2018-08-10;13.9372;13.9372;13.3307;13.377;16134.573769724
2018-08-13;13.377;13.377;12.9086;13.1907;6755.6112408964
2018-08-14;13.2833;13.2833;12.9086;12.9086;9839.3419199066
2018-08-16;13.2833;13.2833;12.8159;12.8623;2466.1733019904
2018-08-17;13.1433;13.1433;12.9086;12.9569;701.7236533624
2018-08-20;13.096;13.1433;12.9569;13.096;3143.55971882
2018-08-21;13.2833;13.2833;12.8159;12.8159;11489.203746526
2018-08-22;13.0023;13.0023;12.8159;12.8623;4991.1615922684
2018-08-23;13.0486;13.0486;12.7676;12.8623;1651.8899296638
2018-08-24;13.096;13.096;12.9086;12.9086;2183.2529272966
2018-08-27;13.0486;13.0486;12.4885;12.9086;11007.529273481
2018-08-28;13.0023;13.0023;11.74;11.9264;17865.55971812
2018-08-29;12.0664;12.2548;11.7874;11.8327;8654.929741977
2018-08-30;12.1611;12.1611;11.1316;11.599;162051.51755669
2018-08-31;11.6464;11.6464;11.3199;11.3199;6095.4636999442
2018-09-03;11.5063;11.6927;11.0379;11.3199;7261.6229504742
2018-09-04;11.3199;11.3199;10.7568;11.0852;5041.8641683784
2018-09-05;11.1316;11.1316;10.6178;10.9452;6026.5081964346
2018-09-06;10.9452;11.0852;10.1957;10.5705;6716.0632315306
2018-09-07;10.3841;11.0379;10.2904;10.5705;9694.332552232
2018-09-10;10.6178;10.6178;9.44922;9.44922;16686.217797801
2018-09-11;9.63561;9.68195;9.35455;9.35455;155602.1498755
2018-09-12;9.4009;9.77564;9.4009;9.44922;10528.896955003
2018-09-13;9.68195;9.68195;9.35455;9.44922;11218.451990099
2018-09-14;9.54094;9.58827;9.35455;9.4009;8067.7939106232
2018-09-17;9.49459;9.82199;9.44922;9.7283;10110.093676334
2018-09-18;9.82199;10.2904;9.82199;10.0557;9015.9320838802
2018-09-19;10.1957;10.2431;9.63561;10.1957;14583.074940758
2018-09-20;10.1957;11.0379;10.0557;10.2904;225583.87352557
2018-09-21;10.2904;10.2904;10.2431;10.2904;17833.110069409
2018-09-24;10.103;10.9916;10.103;10.5241;40621.88992781
2018-09-25;10.8969;10.8969;10.1957;10.5241;10381.859484284
2018-09-26;10.2904;10.5241;9.91567;9.91567;28512.086649697
2018-09-27;10.3841;10.3841;9.63561;9.7283;31482.243558221
2018-09-28;9.7283;10.103;9.7283;9.82199;11612.918032234
2018-10-01;9.91567;9.91567;9.77564;9.82199;4295.5222480392
2018-10-02;9.82199;9.82199;9.82199;9.82199;2091.9882902986
2018-10-03;9.82199;9.91567;9.82199;9.91567;4400.983606348
2018-10-04;10.1957;10.4768;10.1957;10.2904;3415.3255267696
2018-10-05;10.2904;10.4295;9.86932;10.2431;192419.31849202
2018-10-08;10.2431;10.8969;10.0094;10.5241;19397.791568164
2018-10-09;10.4768;10.8515;10.4295;10.7568;3432.564402647
2018-10-10;10.7568;10.9452;10.3841;10.7105;9985.3653391034
2018-10-11;10.2431;10.2904;9.86932;9.96202;6792.1170956956
2018-10-12;10.1957;10.1957;9.82199;10.0094;3618.1358312096
2018-10-15;9.91567;10.8515;9.91567;10.4768;6809.355971573
2018-10-16;10.6642;10.7568;10.4768;10.7568;3227.7259951626
2018-10-17;10.7568;11.4116;10.5241;11.1316;16255.245900866
2018-10-18;11.3653;11.7874;11.2253;11.7874;17748.943793067
2018-10-19;11.7874;13.096;11.7874;12.8623;16080.829039048
2018-10-22;12.9569;13.5634;12.6285;13.4234;21449.217797574
2018-10-23;13.3307;13.377;12.8159;13.3307;10810.803278174
2018-10-24;13.236;13.236;12.5349;12.7676;5280.1662760954
2018-10-25;12.6759;12.6759;11.7874;11.9738;14094.302107058
2018-10-26;12.0664;12.0664;11.2253;11.6464;8575.8337232454
2018-10-29;11.6464;11.6464;11.1779;11.5063;2150.8032785862
2018-10-30;11.5063;11.5063;11.2253;11.4116;633.782201375
2018-10-31;11.4116;11.6927;11.3199;11.6927;6302.330210473
2018-11-02;11.6927;11.6927;11.6927;11.6927;2555.409835944
2018-11-05;11.6927;11.6927;11.6464;11.6927;7030.4192034126
2018-11-06;11.6927;11.6927;11.5063;11.5527;3081.7025759658
2018-11-07;11.6927;11.6927;11.5063;11.6927;2800.8103043164
2018-11-08;12.1138;12.1138;11.2253;11.6464;1842.5316158374
2018-11-09;11.6464;11.6927;11.3653;11.6927;7738.2271659082
2018-11-13;12.0664;12.3948;11.6464;12.3012;10761.114753586
2018-11-14;12.5812;12.5812;12.0211;12.1611;708.8220140178
2018-11-15;12.1138;12.1138;11.4116;11.4116;12809.49882843
2018-11-16;11.4116;11.6927;10.3841;10.7568;4276.2552691174
2018-11-19;10.7568;11.2726;10.7568;10.8515;3205.4168616742
2018-11-20;11.0379;11.0379;10.0094;10.1957;9131.533957411
2018-11-21;10.6178;10.6178;10.2904;10.5705;4262.0585478066
2018-11-22;10.5705;10.5705;10.1957;10.3841;2736.9250584178
2018-11-23;10.5241;10.5241;9.86932;10.0094;11004.487118914
2018-11-26;10.1957;10.7568;9.86932;10.103;13406.775175006
2018-11-27;10.2431;10.2431;9.91567;10.103;3708.3864166854
2018-11-28;10.1957;10.1957;9.63561;9.68195;24551.201403984
2018-11-29;9.86932;9.86932;9.4009;9.54094;11920.175643461
2018-11-30;9.54094;9.54094;9.14835;9.2232;21480.653394763
2018-12-03;9.2232;9.86932;9.2232;9.31669;13904.674472406
2018-12-04;9.58827;9.58827;9.2232;9.24194;5428.2177983366
2018-12-05;9.44922;9.44922;9.01769;9.29825;5110.819671888
2018-12-06;9.29825;9.29825;8.88673;9.0739;5668.548009098
2018-12-07;9.05506;9.05506;8.60607;8.88673;6582.2084306002
2018-12-10;8.88673;8.88673;8.73703;8.73703;3940.6042152692
2018-12-11;8.88673;8.88673;8.60607;8.69966;7824.4215452952
2018-12-12;8.75577;8.79324;8.62481;8.66228;12118.929741812
2018-12-13;8.73703;8.84935;8.43764;8.54996;20879.320842098
2018-12-14;8.69966;8.75577;8.53122;8.58733;22038.381731973
2018-12-17;8.62481;8.75577;8.54996;8.54996;5276.1100700066
2018-12-18;8.69966;8.69966;8.419;8.419;9218.7423883202
2018-12-19;8.53122;8.53122;8.32551;8.419;31686.067914183
2018-12-20;8.40026;8.58733;8.40026;8.419;42768.637000307
2018-12-21;8.43764;8.79324;8.38163;8.51259;53220.466039623
2018-12-27;8.60607;8.60607;8.419;8.419;10959.868851938
2018-12-28;8.53122;8.53122;8.2693;8.32551;12311.59953103
2019-01-02;8.419;8.419;8.13834;8.19455;4347.2388756714
2019-01-03;8.28804;8.30678;8.13834;8.21319;4605.8220138324
2019-01-04;8.21319;8.21319;8.00748;8.21319;2718.6721310182
2019-01-07;8.23193;8.60607;8.21319;8.51259;18575.39578366
2019-01-08;8.51259;9.11108;8.51259;9.09254;35056.775173976
2019-01-09;9.31669;9.44922;9.09254;9.33513;31412.274003189
2019-01-10;9.33513;9.33513;9.2232;9.2232;5300.4473065394
2019-01-11;9.29825;9.29825;9.01769;9.05506;12970.73302046
2019-01-14;9.05506;9.20486;8.99895;9.09254;9073.7330206456
2019-01-15;9.18573;9.18573;9.0739;9.0739;1232.072599473
2019-01-16;9.16758;9.16758;8.98031;9.05506;3846.2974237046
2019-01-17;9.13021;9.13021;8.98031;9.0739;1330.4355971264
2019-01-18;9.0739;9.14835;8.98031;9.03642;6866.1428568162
2019-01-21;9.05506;9.05506;8.88673;8.88673;8026.217798213
2019-01-22;8.88673;9.24194;8.88673;9.13021;26457.61826572
2019-01-23;9.13021;9.91567;9.13021;9.54094;36389.238874147
2019-01-24;10.0557;10.9916;9.86932;10.1504;149078.75643319
2019-01-25;10.2904;10.8052;10.1504;10.4768;134418.61357674
2019-01-28;10.6178;11.5527;10.4768;11.5063;55290.145196433
2019-01-29;11.6927;12.1611;11.5063;11.9264;70995.775172266
2019-01-30;11.9264;11.9264;11.3199;11.5063;20874.250584487
2019-01-31;11.5063;11.5063;10.5705;11.3653;24794.573769312
2019-02-01;11.5063;11.5063;10.8515;11.4116;19420.100701652
2019-02-04;11.4116;11.4116;10.7568;11.0852;18521.651052983
2019-02-05;11.1316;11.1316;10.5705;10.7105;24444.725994153
2019-02-06;10.9452;11.2253;10.6178;11.1779;16097.053863403
2019-02-07;11.1316;11.5063;10.8515;11.0379;22814.131146456
2019-02-08;11.2253;11.2253;10.3841;10.7105;23680.131146414
2019-02-11;11.0379;11.1779;10.7568;11.0379;8375.0515218498
2019-02-12;11.2253;11.4116;10.9452;11.4116;3229.754098207
2019-02-13;11.4116;11.6927;11.2253;11.4116;9275.5292735634
2019-02-14;11.599;11.599;11.2253;11.46;7891.3489457604
2019-02-15;11.8801;12.6285;11.8801;12.1138;108995.32786367
2019-02-18;12.4422;13.0023;12.4422;13.0023;39913.067913792
2019-02-19;13.1907;13.377;11.9738;12.4885;38671.868850619
2019-02-20;12.6759;13.236;12.1611;13.0023;30594.948476296
2019-02-21;12.9569;13.8918;12.9086;13.6581;46841.067913462
2019-02-22;14.0318;14.4056;13.7034;13.8918;51976.224821883
2019-02-25;13.9845;13.9845;12.8159;13.6581;55105.587819392
2019-02-26;13.6581;14.0318;13.236;13.7981;15929.73536224
2019-02-27;13.7508;13.7508;12.6285;13.2833;27554.822012741
2019-02-28;12.9086;13.7981;12.9086;13.7034;27090.386415573
2019-03-01;13.4707;13.7508;13.1433;13.2833;17687.086650212
2019-03-04;13.6117;13.6117;12.9086;13.5171;13223.231849488
2019-03-05;13.5634;13.5634;12.9086;13.3307;11372.587821473
2019-03-06;13.2833;13.3307;12.9569;13.3307;8497.751756036
2019-03-07;13.3307;13.3307;12.9086;13.0486;9876.861826228
2019-03-08;13.1907;13.1907;12.7676;13.0023;8473.4145195032
2019-03-11;13.2833;13.2833;13.096;13.236;2552.3676813774
2019-03-12;13.236;13.236;13.0486;13.096;1747.2107727506
2019-03-13;13.236;13.236;12.9086;13.096;7281.9039809182
2019-03-14;13.236;13.236;13.0023;13.096;7323.4800933284
2019-03-15;13.0023;13.0023;12.9569;12.9569;5139.2131145096
2019-03-18;13.0023;13.0023;12.5812;12.9569;9965.0843086594
2019-03-19;12.9086;12.9086;12.6285;12.7222;3422.423887425
2019-03-20;12.9086;12.9086;12.5812;12.6759;3515.7166274674
2019-03-21;12.7222;12.7222;12.3475;12.6285;4409.0960185256
2019-03-22;12.6285;13.3307;12.5349;13.0023;6653.1920371542
2019-03-25;12.9086;12.9086;12.6285;12.6285;6027.5222479568
2019-03-26;12.9086;12.9086;12.4422;12.4885;2531.0725994112
2019-03-27;12.4885;12.7222;12.3475;12.6285;8152.974238488
2019-03-28;12.6285;12.9569;12.4885;12.7676;6047.8032784008
2019-03-29;12.7222;12.8623;12.7222;12.8623;1593.0749413762
2019-04-01;13.2833;13.5634;13.096;13.5634;7053.7423884232
2019-04-02;13.8257;14.2379;13.6768;14.1068;17202.370022601
2019-04-03;14.2567;14.2567;13.5634;14.0318;14349.843090652
2019-04-04;14.163;14.163;13.7508;13.9372;1221.932084251
2019-04-05;13.9372;14.4056;13.5831;13.9372;15166.154566023
2019-04-08;14.0318;14.0318;13.6946;13.733;1894.2482434696
2019-04-09;13.733;14.088;13.6768;13.9194;7281.9039809182
2019-04-10;14.0683;14.2379;13.9944;14.2379;14621.608898602
2019-04-11;14.2567;14.8365;14.2567;14.6679;22526.140514151
2019-04-12;14.6866;15.2852;14.5929;15.2665;26304.496485868
2019-04-15;15.1541;15.7339;15.0604;15.3414;13478.772833082
2019-04-16;15.5091;15.7714;15.1541;15.5475;57201.63231578
2019-04-17;15.3602;16.0889;15.3602;16.0337;20581.189694571
2019-04-18;16.015;16.015;15.7152;15.9025;28655.067914328
2019-04-23;15.9025;15.9025;15.5288;15.8089;4303.6346602168
2019-04-24;15.8089;15.8089;15.0604;15.0604;11588.580795702
2019-04-25;15.3602;15.3602;14.4993;15.2103;6392.5807959488
2019-04-26;15.2103;15.2103;14.7803;15.1541;1843.5456673596
2019-04-29;15.1541;15.1915;14.873;15.1353;4216.4262293076
2019-04-30;15.3779;15.3779;14.873;15.2665;999.8548008892
2019-05-02;15.2477;15.3779;15.1541;15.3779;1419.67213108
2019-05-06;15.3414;15.3414;14.9677;15.303;4134.2880560094
2019-05-07;15.303;15.5288;15.1541;15.3779;4861.3629974268
2019-05-08;15.3779;15.3976;15.0239;15.303;2589.8875876988
2019-05-09;15.303;15.303;15.1541;15.1541;731.1311475062
2019-05-10;15.229;15.5288;15.2103;15.2103;4742.7189693294
2019-05-13;15.3414;15.3414;15.0604;15.1541;4312.7611239166
2019-05-14;15.1541;15.4341;15.1541;15.3414;4300.5925056502
2019-05-15;15.3976;15.3976;14.9864;15.3227;4358.3934424156
2019-05-16;15.0416;15.229;14.9677;15.1541;3347.3840747822
2019-05-17;15.1541;15.1541;15.0604;15.1166;801.100702538
2019-05-20;15.1541;15.3414;15.0604;15.0988;2317.107728227
2019-05-21;15.2477;15.4164;15.0791;15.4164;1488.6276345896
2019-05-22;15.4164;15.4341;15.1541;15.4164;10290.594847286
2019-05-23;15.2665;15.4341;15.2665;15.3976;630.7400468084
2019-05-24;15.1728;15.4341;15.1728;15.4164;3134.4332551202
2019-05-27;15.4164;15.4164;15.229;15.2477;957.2646369568
2019-05-28;15.2477;15.3976;15.1353;15.3414;5586.4098357998
2019-05-29;15.3976;15.4341;15.1728;15.4341;1990.5831380786
2019-05-30;15.4164;15.4164;15.1915;15.3414;3191.2201403634
2019-05-31;15.3414;15.3976;14.7803;15.2477;63674.323181982
2019-06-03;15.1541;15.1541;15.0604;15.0604;1136.7517563862
2019-06-04;14.9677;15.2477;14.9677;15.1541;5153.4098358204
2019-06-05;15.0988;15.2477;15.0791;15.0988;6652.177985632
2019-06-06;15.2103;15.3779;15.0988;15.3779;10162.824355488
2019-06-07;15.3779;15.3779;15.2477;15.2477;7588.1475406226
2019-06-10;15.3602;15.3602;13.8445;13.8445;26109.798593606
2019-06-11;13.733;13.807;12.6285;13.4707;22582.927399394
2019-06-12;13.6946;14.0683;13.5634;14.0318;2192.3793909964
2019-06-13;14.1255;14.1255;13.2833;14.0121;2096.0444963874
2019-06-14;13.9944;13.9944;13.6206;13.9372;1397.3629975916
2019-06-17;13.9372;13.9372;13.2271;13.3573;5549.9039810006
2019-06-18;13.4323;13.807;13.2646;13.6946;1314.2107727712
2019-06-19;13.8632;14.0516;13.8632;14.0121;2458.0608898128
2019-06-21;14.0121;14.0121;13.8632;13.9944;584.0936767872
2019-06-24;13.9569;14.0318;13.8445;13.8445;2645.6604214198
2019-06-25;13.7883;14.3878;13.7883;14.3129;4358.3934424156
2019-06-26;14.3681;14.3681;13.6946;14.0121;985.6580795784
2019-06-27;13.8257;14.3129;13.8257;14.3129;540.4894613326
2019-06-28;14.2744;14.3129;14.2744;14.3129;219.0351287952
2019-07-01;14.4056;14.4056;13.9372;13.9372;1980.4426228566
2019-07-02;13.9944;14.2932;13.9756;13.9756;4083.5854798994
2019-07-03;13.9372;14.2182;13.8819;13.9756;8964.215456248
2019-07-04;14.2182;14.7231;14.2182;14.4805;11202.227165743
2019-07-05;14.4805;14.6866;14.3129;14.6117;1673.18501163
2019-07-08;14.5367;14.5742;14.2379;14.4993;1095.175643976
2019-07-09;14.5565;14.5565;14.163;14.163;1446.0374706572
2019-07-10;14.5742;14.5742;13.8257;14.4805;1805.011709516
2019-07-11;14.4056;14.4056;14.2182;14.3494;455.3091334678
2019-07-12;14.0516;14.3129;14.0516;14.3129;783.8618266606
2019-07-15;14.3129;14.4056;14.0121;14.2182;1951.0351287128
2019-07-16;14.2182;14.2182;14.0121;14.1817;2116.3255268314
2019-07-17;14.0318;14.1433;14.0318;14.1433;536.4332552438
2019-07-18;14.1255;14.1255;13.4707;13.5634;9449.9461353818
2019-07-19;14.1068;14.1068;13.4707;13.807;5755.7564400072
2019-07-22;14.1068;14.1068;13.5634;13.8445;601.3325526646
2019-07-23;14.1068;14.2182;13.7508;14.2182;3674.9227164528
2019-07-24;13.7883;14.4993;13.7883;14.4056;728.0889929396
2019-07-25;14.4243;14.4243;13.9007;13.9007;631.7540983306
2019-07-26;14.2182;14.2182;13.9194;13.9194;663.1896955188
2019-07-29;14.1433;14.1433;13.5634;13.6946;3116.1803277206
2019-07-30;13.8445;13.8445;13.4707;13.733;1467.3325526234
2019-07-31;13.6946;13.6946;13.4707;13.6206;4880.6299763486
2019-08-01;13.6206;13.9569;13.2084;13.377;8631.6065569664
2019-08-02;13.3573;13.3573;12.9086;13.1907;6284.0772830734
2019-08-05;13.1335;13.1335;12.6473;13.0023;4889.7564400484
2019-08-06;13.0023;13.0398;12.7222;12.8524;3432.564402647
2019-08-07;13.1335;13.5269;13.0023;13.5269;11327.969554496
2019-08-08;13.5269;14.1433;13.5269;14.0318;10595.824355468
2019-08-09;13.5457;14.1255;13.5269;14.0318;7487.7564399248
2019-08-12;13.4145;14.0121;13.4145;13.7508;1944.9508195796
2019-08-13;13.7508;14.1068;13.6768;14.1068;3726.639344085
2019-08-14;14.088;14.2567;13.9372;14.1995;6323.6252924392
2019-08-16;14.1995;14.1995;13.5634;13.5634;3428.5081965582
2019-08-19;13.5634;13.9372;13.5634;13.8445;461.393442601
2019-08-20;13.8445;13.8445;13.8445;13.8445;66.9274004652
2019-08-21;13.8445;13.8445;13.8445;13.8445;2.0281030444
2019-08-22;13.8445;13.8445;13.7508;13.7508;55.772833721
2019-08-23;13.8445;13.8445;13.4707;13.7508;365.058547992
2019-08-26;13.5634;13.9372;13.377;13.6019;2331.3044495378
2019-08-27;13.9372;13.9372;13.6581;13.6581;79.0960187316
2019-08-28;13.7508;13.7508;13.0023;13.096;4193.103044297
2019-08-29;13.022;13.7508;13.022;13.3208;754.4543325168
2019-08-30;13.6946;13.6946;13.6946;13.6946;83.1522248204
2019-09-02;13.6946;13.6946;13.6946;13.6946;63.8852458986
2019-09-03;13.6768;13.6768;13.3021;13.6384;167.318501163
2019-09-04;13.4707;13.4707;13.4323;13.4323;7.0983606554
2019-09-05;13.4707;13.4707;13.2833;13.2833;624.6557376752
2019-09-06;13.5457;13.5457;13.0023;13.3396;1918.5854800024
2019-09-09;13.1532;13.377;13.0585;13.377;950.1662763014
2019-09-10;13.377;13.4707;13.377;13.4707;203.8243559622
2019-09-11;13.4707;13.4707;13.1907;13.4707;1280.7470725386
2019-09-12;13.4707;13.4707;13.0023;13.0023;1295.9578453716
2019-09-13;13.4707;13.4707;13.0398;13.4707;385.339578436
2019-09-16;13.4707;13.4707;13.096;13.377;184.5573770404
2019-09-17;13.4707;13.4707;13.096;13.2833;945.0960186904
2019-09-18;13.4707;13.4707;12.741;12.9836;3727.6533956072
2019-09-19;12.9836;13.4707;12.741;13.452;4543.9648709782
2019-09-20;13.452;13.452;13.377;13.377;23.3231850106
2019-09-23;13.377;13.377;12.8337;13.2833;1562.6533957102
2019-09-24;13.377;13.377;12.8721;13.2833;1150.948477697
2019-09-25;13.377;13.377;13.0023;13.3573;1244.2412177394
2019-09-26;13.3573;13.3573;12.9471;13.3573;164.2763465964
2019-09-27;13.3573;13.8819;13.1907;13.8445;8648.8454328438
2019-09-30;13.8445;13.8632;13.2459;13.4707;1775.6042153722
2019-10-01;13.4707;13.4707;12.9648;13.377;908.5901638912
2019-10-02;13.4707;13.4707;13.022;13.1907;1246.2693207838
2019-10-03;13.2833;13.2833;12.9648;13.2271;917.716627591
2019-10-04;13.4707;13.8257;13.377;13.5072;857.8875877812
2019-10-07;13.5072;13.5072;13.096;13.5072;440.0983606348
2019-10-08;13.452;13.452;13.2833;13.2833;248.442622939
2019-10-09;13.3396;13.5072;12.8909;13.4323;2247.1381731952
2019-10-10;13.3573;13.3573;13.096;13.3573;84.1662763426
2019-10-11;13.3573;13.5072;12.8721;13.2833;1320.2950819044
2019-10-14;13.4885;13.8257;13.4145;13.7883;774.7353629608
2019-10-15;13.7695;14.0121;13.7695;14.0121;2866.7236532594
2019-10-16;13.9756;14.1817;13.8632;14.163;1264.5222481834
2019-10-17;14.1433;14.1817;14.1433;14.1817;539.4754098104
2019-10-18;14.2744;14.3878;14.2182;14.2744;729.1030444618
2019-10-21;14.2744;14.2744;13.6946;14.0318;1511.9508196002
2019-10-22;14.0318;14.1817;13.6768;14.163;1256.4098360058
2019-10-23;14.163;14.163;13.8445;14.1433;676.3723653074
2019-10-24;14.1255;14.1433;13.7508;14.1433;727.0749414174
2019-10-25;14.1433;14.1433;14.1433;14.1433;2.0281030444
2019-10-28;14.1433;14.1433;13.9372;14.0318;1403.4473067248
2019-10-29;14.0121;14.1433;13.7508;14.0318;768.6510538276
2019-10-30;14.1433;14.1433;13.7508;14.1255;1056.6416861324
2019-10-31;14.1255;14.1255;14.1255;14.1255;5.070257611
2019-11-04;14.088;14.088;13.9372;13.9944;668.2599531298
2019-11-05;13.8445;14.0683;13.3958;13.9372;3143.55971882
2019-11-06;13.9944;14.0318;13.8445;13.8445;1705.6346603404
2019-11-07;13.9944;14.0121;13.6581;14.0121;1210.7775175068
2019-11-08;14.0683;14.0683;13.4323;13.9944;4822.8290395832
2019-11-12;13.8445;13.9756;13.4145;13.5634;3993.3348944236
2019-11-13;13.5457;13.5457;13.3958;13.5072;1236.1288055618
2019-11-14;13.5634;13.5634;13.5269;13.5269;1392.2927399806
2019-11-15;13.5269;13.5634;13.1532;13.5634;2788.64168605
2019-11-18;13.5457;13.5457;13.5457;13.5457;309.285714271
2019-11-19;13.5457;13.5457;13.1335;13.5457;187.599531607
2019-11-20;13.5457;13.9007;13.4707;13.807;771.6932083942
2019-11-21;13.7508;13.7508;13.7508;13.7508;2.0281030444
2019-11-22;13.7508;13.7508;13.5634;13.5634;75.0398126428
2019-11-25;13.4707;13.4707;13.2833;13.2833;385.339578436
2019-11-26;13.2833;13.5457;13.0772;13.5457;998.840749367
2019-11-27;13.0772;13.5072;13.0772;13.5072;185.5714285626
2019-11-28;13.452;13.452;13.096;13.452;183.5433255182
2019-11-29;13.452;13.5634;13.2459;13.5634;323.4824355818
2019-12-02;13.4707;13.4707;13.096;13.377;4233.665105185
2019-12-03;13.377;13.452;13.0772;13.452;2218.7447305736
2019-12-04;13.452;13.452;13.096;13.377;1196.580796196
2019-12-05;13.4707;13.4707;13.0772;13.452;358.9742388588
2019-12-06;13.452;13.452;13.096;13.4323;218.021077273
2019-12-09;13.4323;13.4323;13.2833;13.4145;428.9437938906
2019-12-10;13.4323;13.4323;13.1157;13.4323;442.1264636792
2019-12-11;13.3573;13.3573;13.2833;13.2833;442.1264636792
2019-12-12;13.2833;13.2833;12.9086;13.096;1225.9882903398
2019-12-13;13.096;13.1907;12.9086;13.096;1357.8149882258
2019-12-16;13.096;13.096;12.2548;12.9086;4668.6932082088
2019-12-17;13.0585;13.0585;12.6285;12.9836;1589.0187352874
2019-12-18;12.9836;12.9836;12.4974;12.8159;833.5503512484
2019-12-19;12.9086;12.9086;12.8159;12.8159;284.9484777382
2019-12-20;12.8159;12.8159;12.5723;12.7222;9523.9718965024
2019-12-23;12.9086;13.3396;12.9086;13.2646;3565.4051520552
2019-12-27;13.3573;14.0318;13.3573;14.0318;8735.0398122308
2019-12-30;14.3681;14.4056;13.5634;14.4056;8909.4566740492
2020-01-02;14.3878;14.3878;13.6768;13.9372;3537.0117094336
2020-01-03;14.0318;14.0318;13.807;13.9569;872.084309092
2020-01-07;14.0318;14.0318;13.4145;13.4707;4728.5222480186
2020-01-08;13.7133;13.7133;13.3958;13.3958;1997.681498734
2020-01-09;13.5457;14.2182;13.5457;13.6581;4380.702575904
2020-01-10;13.6581;13.9944;13.5634;13.733;1104.3021076758
2020-01-13;13.9569;13.9944;13.1907;13.5831;11624.072598979
2020-01-14;13.8819;13.8819;13.6019;13.7133;4429.3770489696
2020-01-15;13.9194;13.9194;13.1709;13.5634;5219.3231847634
2020-01-16;13.2084;13.2084;12.9086;13.0398;31920.313815812
2020-01-17;13.0772;13.5269;13.0023;13.096;37933.639342458
2020-01-20;13.0023;13.4707;12.9274;13.096;6533.5339575346
2020-01-21;13.096;13.4145;12.9648;13.3396;11800.517563841
2020-01-22;13.4323;13.4323;12.9648;13.0772;43483.543323458
2020-01-23;13.3396;13.3396;12.9648;13.096;3280.456674317
2020-01-24;13.2271;13.2646;12.8524;13.2646;3769.2295080174
2020-01-27;13.096;13.3958;12.9836;13.377;6560.913348634
2020-01-28;13.1907;13.3573;13.022;13.3396;776.7634660052
2020-01-29;13.3573;13.4323;13.1907;13.4323;2612.1967211872
2020-01-30;13.5457;14.8927;13.5457;14.7054;25404.018734154
2020-01-31;14.7428;14.7616;14.1433;14.6679;12720.262294477
2020-02-03;14.6866;14.9677;14.5367;14.9677;12620.885245301
2020-02-04;14.9677;14.9677;14.6866;14.6866;7785.8875874516
2020-02-05;14.7803;14.948;14.7803;14.948;3313.9203745496
2020-02-06;14.948;14.9677;14.873;14.9677;9461.100702126
2020-02-07;14.9677;15.0604;14.7054;15.0604;14763.57611171
2020-02-10;15.1541;15.659;15.1541;15.6037;16337.384074164
2020-02-11;15.584;15.6037;15.3414;15.5288;3918.2950817808
2020-02-12;15.5288;15.5653;15.2477;15.3414;3669.8524588418
2020-02-13;15.3414;15.5475;14.9677;15.1541;3776.3278686728
2020-02-14;15.4164;15.4164;15.0042;15.229;3959.871194191
2020-02-17;15.2477;15.4164;15.2477;15.3976;7787.915690496
2020-02-18;15.4164;15.659;15.2665;15.6225;14037.515221815
2020-02-19;15.584;15.8276;15.584;15.659;7415.7587818486
2020-02-20;15.659;15.6964;15.2103;15.4341;5924.0889926924
2020-02-21;15.5653;15.5653;15.2477;15.2477;3102.997657932
2020-02-24;15.4341;15.4341;14.4805;14.7803;18610.887586937
2020-02-25;14.7803;14.7803;14.4805;14.519;4236.7072597516
2020-02-26;14.519;14.8927;14.4805;14.873;3964.941451802
2020-02-27;14.4993;14.7803;13.0023;13.4885;14272.775174965
2020-02-28;13.1157;13.452;12.1611;13.1907;16060.548008604
2020-03-02;13.096;14.0318;13.096;13.5634;4732.5784541074
2020-03-03;13.7695;14.4056;13.7695;14.0318;13416.915690228
2020-03-04;13.9372;14.1433;13.7508;14.1255;2774.4449647392
2020-03-05;14.1817;14.3681;13.9372;14.2932;12881.496486507
2020-03-06;14.3306;14.3306;13.9194;14.0318;5349.121779605
2020-03-09;13.4175;13.7823;12.4599;12.6512;19922.056205141
2020-03-10;12.4984;13.6107;12.4984;13.0348;7790.9578450626
2020-03-11;13.1887;13.1887;11.2519;11.6552;13057.941451369
2020-03-12;10.5616;11.2134;9.89102;9.98667;13949.292739383
2020-03-13;10.0833;10.9639;9.77662;10.7352;5209.1826695414
2020-03-16;10.5241;10.5241;9.77662;10.5241;8893.231849694
2020-03-17;10.5429;11.4047;10.5429;11.4047;5030.7096016342
2020-03-18;11.3101;11.9619;11.2332;11.6552;11392.868851917
2020-03-19;11.5014;11.6552;11.2519;11.5014;3625.234191865
2020-03-20;11.6552;11.9619;11.0793;11.0793;4244.8196719292
2020-03-23;10.5429;10.6385;10.0833;10.5429;6384.4683837712
2020-03-24;10.5429;10.888;10.4857;10.7539;2692.306791441
2020-03-25;10.7924;11.2134;10.4857;10.9265;8351.7283368392
2020-03-26;11.1178;11.1178;10.6198;11.1178;1646.8196720528
2020-03-27;11.4047;11.4047;10.6198;10.6198;3171.9531614416
2020-03-30;11.099;11.6927;10.8298;11.4245;5977.833723369
2020-03-31;11.4245;12.2676;11.4245;11.6927;5571.1990629668
2020-04-01;11.9807;12.2676;11.1178;12.173;7228.1592502416
2020-04-02;12.8425;13.3228;11.7893;11.9807;50873.950817252
2020-04-03;12.9392;13.3701;12.173;13.3701;43398.362995593
2020-04-06;13.4175;14.4726;13.2262;13.8977;48397.637000039
2020-04-07;13.9934;14.377;13.4668;13.7537;12078.367680924
2020-04-08;13.4668;14.2803;13.1788;13.4668;5018.5409833678
2020-04-09;13.3701;13.3701;12.8918;12.9392;3732.7236532182
2020-04-14;12.6512;14.2803;12.5082;14.1857;21647.971895926
2020-04-15;14.1857;14.1857;13.6107;13.6107;10524.840748914
2020-04-16;13.9934;13.9934;13.4175;13.8494;1991.5971896008
2020-04-17;13.8494;13.9934;13.3701;13.4175;3846.2974237046
2020-04-20;13.7537;13.7537;13.1788;13.4175;1881.065573681
2020-04-21;13.6107;14.089;12.9392;13.3701;18102.847774314
2020-04-22;13.6107;13.6107;13.0832;13.3228;2787.6276345278
2020-04-23;13.5614;13.6107;13.2262;13.5614;6982.7587818692
2020-04-24;13.5614;13.5614;13.1305;13.4175;1930.7540982688
2020-04-27;13.4175;13.4175;13.1305;13.4175;3165.8688523084
2020-04-28;13.2745;13.4668;12.9865;13.4175;1904.3887586916
2020-04-29;13.4175;13.5141;13.1305;13.5141;1271.6206088388
2020-04-30;13.5141;13.6581;13.3228;13.5141;2154.859484675
2020-05-04;13.5614;13.5614;13.0832;13.3701;1557.5831380992
2020-05-05;13.4175;13.5141;13.1305;13.5141;5296.3911004506
2020-05-06;13.5141;13.8977;13.1305;13.8021;7115.5995312774
2020-05-07;13.8494;17.8275;13.8494;17.8275;117989.96486558
2020-05-08;17.8275;17.8275;15.1432;15.1432;117619.83605998
2020-05-11;15.3355;15.7181;14.2803;14.7123;38735.754096518
2020-05-12;14.6166;15.0476;14.1364;14.9519;19862.227165331
2020-05-13;15.0959;15.0959;14.5683;14.9992;3617.1217796874
2020-05-14;14.9992;16.2457;14.6639;15.6708;28680.419202383
2020-05-15;15.7665;16.0544;14.7123;14.9519;15000.864167905
2020-05-18;15.2872;15.5742;14.6639;15.1432;6829.637002017
2020-05-19;14.7606;15.3355;14.7606;15.3355;4781.252927173
2020-05-20;15.3355;15.3355;14.6639;15.0959;3643.4871192646
2020-05-21;14.7606;14.9992;14.7606;14.8079;4059.2482433666
2020-05-22;14.8079;14.9992;14.6639;14.9992;3578.5878218438
2020-05-25;15.0476;15.8148;14.8553;15.6708;7129.7962525882
2020-05-26;15.8148;16.0061;15.0476;15.3355;8028.2459012574
2020-05-27;15.6235;15.6235;14.9519;15.0476;2905.257611103
2020-05-28;15.4312;15.4312;14.6166;15.2389;5824.7119435168
2020-05-29;15.4312;15.6235;15.0476;15.5268;3805.7353628166
2020-06-01;15.6235;15.8148;15.2389;15.4312;6118.7868849548
2020-06-02;15.7181;15.7181;15.3355;15.5268;2205.562060785
2020-06-03;15.7181;15.7181;14.9519;15.2389;9969.1405147482
2020-06-04;15.2872;15.2872;14.6639;14.9992;6741.4145195856
2020-06-05;15.2389;15.2389;14.6639;14.9519;9225.8407489756
2020-06-08;15.0959;15.7665;14.9046;15.4795;8596.1147536894
2020-06-09;15.4795;15.4795;15.1432;15.4312;1838.4754097486
2020-06-10;15.4795;16.3897;14.8553;16.1017;38576.548007532
2020-06-12;15.5742;16.5337;15.1915;16.5337;15433.864167884
2020-06-15;16.3897;16.5337;16.0061;16.5337;7386.3512877048
2020-06-16;16.3897;18.0188;15.9104;17.5869;43297.971894896
2020-06-17;17.5869;17.7792;16.581;17.2999;9169.0538637324
2020-06-18;17.4922;17.7309;17.0603;17.2516;15718.812645622
2020-06-19;17.4922;17.4922;17.012;17.2999;2192.3793909964
2020-06-22;17.2999;17.8748;17.1086;17.6362;21854.838406454
2020-06-23;17.7309;20.8934;17.7309;20.3185;74184.967209585
2020-06-24;21.4693;25.3991;21.4693;23.5777;191849.42153654
2020-06-25;24.057;25.6871;21.8529;22.3312;82344.025757207
2020-06-26;22.7148;24.7275;21.7563;22.5235;54627.969552436
2020-06-29;22.1399;23.1941;20.8934;22.2365;17083.725994503
2020-06-30;22.1399;22.1399;20.9901;21.3737;8666.0843087212
2020-07-01;21.3737;23.482;20.5108;23.0984;35249.444963194
2020-07-02;23.2907;23.482;22.5235;22.9061;8565.6932080234
2020-07-03;23.0028;23.6743;22.7148;23.3864;12567.140514625
2020-07-06;23.2907;23.482;22.0442;22.3312;33215.257609661
2020-07-07;22.3312;22.7148;20.7987;22.4279;20874.250584487
2020-07-08;22.8115;22.8115;21.278;22.0442;12343.035128218
2020-07-09;22.3312;22.3312;21.1814;21.565;14851.798594141
2020-07-10;21.9486;24.7275;20.7021;22.1399;99271.587817291
2020-07-13;23.0028;24.8242;22.7148;24.8242;49573.936765791
2020-07-14;24.8242;27.2195;23.9613;26.3566;54621.885243303
2020-07-15;26.7403;27.1249;24.9189;25.3034;29708.667445893
2020-07-16;25.7817;25.7817;24.6319;24.9189;12105.747072024
2020-07-17;25.4948;25.5904;24.5362;25.2068;17342.309132664
2020-07-20;26.0697;26.7403;25.6871;26.5489;31555.25526782
2020-07-21;26.7403;26.7403;25.7817;26.5489;21910.611240175
2020-07-22;26.7403;26.7403;25.4948;26.3566;19423.142856219
2020-07-23;25.8784;26.4533;25.3991;26.0697;13007.238875259
2020-07-24;26.1653;26.1653;25.3991;25.8784;7854.8430909612
2020-07-27;25.6871;32.2035;25.1121;32.2035;79789.629972785
2020-07-28;33.5456;37.3798;33.163;34.9834;88907.981260407
2020-07-29;33.0664;35.942;32.3948;35.8453;26472.829038553
2020-07-30;35.8453;35.8453;29.1376;31.6286;77453.255265636
2020-07-31;30.67;35.1757;30.67;33.3543;48891.480091351
2020-08-03;35.367;35.367;31.9165;32.9707;50375.037468329
2020-08-04;33.45;33.45;30.8623;31.4373;23999.557375907
2020-08-05;31.4373;31.6286;29.9995;30.67;16517.885245116
2020-08-06;30.8623;31.6286;28.1781;29.0409;34568.002340276
2020-08-07;28.466;28.753;26.0697;26.8369;37546.271660977
2020-08-10;27.6031;27.6031;25.8784;27.1249;22226.995315102
2020-08-11;25.8784;26.8369;23.2907;25.6871;61301.442620034
2020-08-12;24.6319;25.5904;23.3864;23.8657;29369.974237479
2020-08-13;24.8242;25.3991;23.9613;24.2493;10085.756439801
2020-08-14;24.3439;25.3991;24.3439;25.1121;12053.016392869
2020-08-17;25.3991;25.7817;24.9189;25.3034;5712.1522245526
2020-08-18;25.3034;25.5904;23.9613;25.2068;14220.044495811
2020-08-19;24.5362;25.7817;24.5362;25.2068;6533.5339575346
2020-08-20;25.2068;25.4948;24.1526;24.9189;12117.91569029
2020-08-21;24.9189;24.9189;23.6743;23.9613;10053.306791091
2020-08-24;24.9189;24.9189;23.0984;24.3439;8369.9812642388
2020-08-25;24.4406;24.4406;23.1941;23.6743;7901.4894609824
2020-08-26;23.6743;24.4406;23.1941;24.2493;7227.1451987194
2020-08-27;24.4406;24.6319;24.057;24.2493;2686.2224823078
2020-08-28;24.4406;24.6319;23.9613;24.2493;2398.231850003
2020-08-31;24.1526;24.1526;23.1941;23.769;5573.2271660112
2020-09-01;23.769;23.769;22.8115;23.1941;4909.0234189702
2020-09-02;23.0984;23.6743;23.0984;23.6743;4444.5878218026
2020-09-03;23.482;23.482;23.0028;23.482;3300.737704761
2020-09-04;23.0028;23.6743;21.6616;21.9486;32911.042153001
2020-09-07;21.6616;21.6616;19.4566;19.4566;37769.362995861
2020-09-08;18.5464;19.6489;17.2516;17.4922;38436.608897469
2020-09-09;16.6767;20.1272;16.581;20.1272;19241.627633745
2020-09-10;20.5108;21.9486;19.1687;20.7021;20162.386415903
2020-09-11;20.7021;21.3737;20.4151;21.278;5470.807962269
2020-09-14;21.278;22.8115;21.1814;22.7148;12982.901638727
2020-09-15;22.8115;22.8115;21.3737;22.3312;8816.1639340068
2020-09-16;22.7148;23.0028;22.0442;22.4279;4958.711943558
2020-09-17;22.5235;22.5235;21.6616;22.2365;4493.2622948682
2020-09-18;22.3312;22.8115;21.9486;22.8115;3830.0725993494
2020-09-21;23.0028;23.0028;21.4693;22.7148;8699.5480089538
2020-09-22;23.0028;23.1941;21.565;22.5235;10718.524589654
2020-09-23;22.2365;22.6192;21.565;22.0442;11449.65573716
2020-09-24;22.0442;22.0442;20.6064;21.0857;13394.60655674
2020-09-25;21.0857;21.7563;20.4151;20.5108;7707.8056202422
2020-09-28;20.6064;21.278;20.0315;20.6064;6600.4613579998
2020-09-29;20.9901;22.0442;20.8934;21.0857;10657.681498322
2020-09-30;21.6616;21.6616;20.7987;21.3737;3778.3559717172
2020-10-01;21.6616;21.9486;21.0857;21.6616;2323.1920373602
2020-10-02;21.8529;21.8529;20.1272;20.8934;7717.9461354642
2020-10-05;20.9901;21.278;20.1272;21.278;8957.1170955926
2020-10-06;21.278;23.0028;21.278;22.4279;10498.475409337
2020-10-07;22.9061;23.6743;22.0442;23.1941;15561.634659681
2020-10-08;23.3864;23.9613;22.4279;23.9613;13097.489460735
2020-10-09;24.4406;28.5617;24.4406;27.1249;55319.552690577
2020-10-12;27.9867;28.753;27.1249;27.5075;40875.40280836
2020-10-13;27.1249;27.6998;24.5362;25.8784;25262.051521046
2020-10-14;25.8784;27.9867;23.2907;24.1526;31413.288054712
2020-10-15;24.4406;24.4406;21.565;21.8529;22846.580795166
2020-10-16;21.8529;23.9613;21.3737;23.9613;9922.494144727
2020-10-19;24.1526;26.3566;24.057;24.4406;19542.800935838
2020-10-20;24.9189;25.8784;23.5777;24.9189;32477.028101499
2020-10-21;24.9189;25.3034;24.2493;24.5362;6488.9156905578
2020-10-22;24.5362;25.0155;23.3864;23.9613;48289.133487164
2020-10-23;23.482;23.8657;23.1941;23.5777;5427.2037468144
2020-10-26;23.8657;23.9613;22.4279;23.3864;16024.042153804
2020-10-27;23.3864;24.5362;22.7148;23.6743;56614.496484426
2020-10-28;23.9613;23.9613;21.0857;22.5235;32553.081965664
2020-10-29;21.6616;22.5235;21.0857;22.2365;7378.2388755272
2020-10-30;22.6192;22.6192;21.0857;22.3312;10401.126463205
2020-11-02;23.9613;23.9613;22.2365;23.1941;18295.517563532
2020-11-03;23.769;25.1121;23.0028;23.482;16842.38173222
2020-11-04;23.8657;23.8657;22.9061;23.1941;7043.6018732012
2020-11-05;23.0984;23.769;23.0028;23.5777;3678.9789225416
2020-11-06;23.8657;26.1653;23.8657;25.2068;55624.782198759
2020-11-09;26.7403;30.3821;23.9613;27.5075;156684.14284969
2020-11-10;25.8784;27.7944;25.8784;27.6031;15040.41217727
2020-11-12;27.6031;29.9995;27.2195;29.7125;44860.625290606
2020-11-13;29.7125;29.7125;28.5617;29.2322;14943.063231139
2020-11-16;29.6159;29.7125;26.0697;26.6446;49599.288053846
2020-11-17;26.1653;26.3566;25.1121;26.1653;14732.140514522
2020-11-18;26.8369;27.7944;26.0697;26.6446;12090.536299191
2020-11-19;26.6446;26.6446;25.3034;25.7817;29538.306790164
2020-11-20;25.7817;26.3566;25.3034;25.5904;19601.615924126
2020-11-23;25.6871;26.1653;25.1121;25.8784;15761.402809555
2020-11-24;25.8784;29.0409;25.5904;28.2747;52191.20374459
2020-11-25;27.7944;28.5617;26.5489;27.7944;13320.580795619
2020-11-26;28.466;28.466;27.0282;28.1781;10017.814987814
2020-11-27;26.8369;27.8911;26.5489;27.6031;23119.360654638
2020-11-30;28.0824;28.1781;26.9326;26.9326;10815.873535785
2020-12-01;26.9326;29.2322;26.9326;27.6031;11252.929741853
2020-12-02;27.6998;28.1781;26.8369;27.4118;7705.7775171978
2020-12-03;27.4118;27.4118;26.8369;27.2195;7170.3583134762
2020-12-04;27.4118;27.4118;26.6446;27.4118;5376.5011707044
2020-12-07;26.8369;27.6998;26.6446;27.0282;12752.711943187
2020-12-08;26.7403;28.1781;26.6446;27.3162;12121.971896379
2020-12-09;27.6998;27.6998;26.5489;27.4118;7854.8430909612
2020-12-10;27.5075;27.7944;26.3566;26.6446;13202.950819044
2020-12-11;26.9326;26.9326;24.9189;25.8784;39529.7564384
2020-12-14;25.7817;26.3566;24.5362;24.5362;29574.812644963
2020-12-15;24.5362;25.5904;24.1526;25.3034;24572.49648595
2020-12-16;25.3991;26.3566;25.3034;25.8784;6460.5222479362
2020-12-17;26.0697;27.1249;25.7817;25.974;14561.779858792
2020-12-18;26.3566;26.3566;25.2068;25.4948;2922.4964869804
2020-12-21;25.7817;25.7817;24.6319;24.9189;9503.6908660584
2020-12-22;25.4948;26.4533;24.7275;26.1653;3799.6510536834
2020-12-23;26.262;26.262;25.2068;25.6871;9982.3231845368
2020-12-28;26.0697;26.3566;25.5904;25.6871;13863.098359996
2020-12-29;25.6871;26.3566;25.3991;26.262;6526.4355968792
2020-12-30;26.262;26.262;25.6871;26.1653;3156.7423886086
2021-01-04;26.5489;27.6998;26.1653;27.5075;10632.330210267
2021-01-05;27.5075;27.6031;26.6446;27.3162;8420.6838403488
2021-01-07;26.9326;27.9867;26.9326;27.9867;14761.548008665
2021-01-08;28.0824;29.8072;28.0824;29.2322;20349.98594751
2021-01-11;29.2322;30.5744;26.9326;28.753;37866.711941992
2021-01-12;28.753;30.0951;28.753;29.7125;10187.161592021
2021-01-13;30.3821;31.5329;29.7125;31.1503;63313.320840079
2021-01-14;31.6286;31.7252;30.1908;30.1908;13669.414519256
2021-01-15;29.9995;30.5744;29.8072;29.8072;6497.0281027354
2021-01-18;29.9038;30.1908;29.7125;30.1908;4299.578454128
2021-01-19;30.1908;30.7657;29.7125;30.5744;7347.8173298612
2021-01-20;30.67;30.67;29.8072;30.5744;4412.1381730922
2021-01-21;30.67;30.67;30.1908;30.5744;2538.1709600666
2021-01-22;30.3821;30.3821;29.8072;30.1908;4029.8407492228
2021-01-25;29.9038;30.5744;28.753;29.6159;9601.0398121896
2021-01-26;29.9038;29.9038;28.5617;28.9453;26753.721310203
2021-01-27;28.9453;29.5202;26.9326;27.8911;22730.978921635
2021-01-28;27.7944;28.5617;27.0282;28.1781;8778.6440276854
2021-01-29;28.0824;28.5617;27.3162;28.1781;3514.7025759452
2021-02-01;28.0824;28.6573;27.3162;28.6573;3486.3091333236
2021-02-02;28.6573;29.0409;27.7944;28.2747;6790.0889926512
2021-02-03;28.3694;28.753;27.5075;27.7944;14974.498828327
2021-02-04;28.0824;28.0824;27.2195;27.9867;16003.76112336
2021-02-05;27.9867;27.9867;27.2195;27.5075;5176.733020831
2021-02-08;27.6031;28.466;26.3566;27.6031;33127.03512723
2021-02-09;27.6998;27.9867;26.8369;27.5075;9100.0983602228
2021-02-10;26.9326;27.8911;26.8369;27.4118;15730.981263889
2021-02-11;27.4118;29.0409;27.0282;27.9867;23073.728336139
2021-02-12;28.1781;29.0409;28.1781;28.8496;18427.344261418
2021-02-15;29.0409;30.2874;29.0409;29.9995;14898.444964162
2021-02-16;30.1908;30.1908;28.6573;28.753;11807.615924497
2021-02-17;29.1415;29.4334;28.4621;29.1415;2712.587821885
2021-02-18;29.3368;30.4048;27.8793;29.1415;15253.362996932
2021-02-19;30.0162;30.4048;27.8793;28.9472;16055.477750993
2021-02-22;28.9472;29.1415;28.1702;28.5587;3966.9695548464
2021-02-23;28.6563;28.6563;26.7136;27.1988;19301.456673555
2021-02-24;27.7816;28.6563;27.2964;27.2964;6461.5362994584
2021-02-25;27.8793;28.2678;27.3931;27.685;2678.1100701302
2021-02-26;27.1988;28.1702;27.0045;28.0735;5934.2295079144
2021-03-01;28.0735;28.0735;27.0045;27.7816;6738.372365019
2021-03-02;27.5874;27.685;27.0045;27.5874;8126.6088989108
2021-03-03;27.5874;28.1702;27.1988;27.685;6047.8032784008
2021-03-04;27.685;28.0735;26.8103;27.2964;16591.911006236
2021-03-05;27.3931;27.5874;26.9079;27.5874;8620.4519902222
2021-03-08;27.685;28.0735;27.2964;27.9759;6218.1639341304
2021-03-09;27.9759;28.4621;27.2964;28.1702;8570.7634656344
2021-03-10;28.4621;28.753;27.1022;27.685;8718.8149878756
2021-03-11;28.0735;28.1702;27.5874;27.7816;1541.358313744
2021-03-12;27.7816;28.1702;27.1022;27.5874;8310.152224429
2021-03-15;27.7816;28.6563;27.0045;27.7816;21345.78454231
2021-03-16;27.7816;28.1702;27.1988;28.0735;7964.3606553588
2021-03-17;28.1702;28.4621;27.685;27.9759;16070.688523826
2021-03-18;28.3644;28.3644;27.3931;27.685;12366.358313229
2021-03-19;27.9759;28.3644;27.5874;28.3644;16208.599530845
2021-03-22;28.3644;30.3081;28.3644;29.1415;35531.351286366
2021-03-23;29.822;29.822;29.0449;29.3368;3387.9461356702
2021-03-24;29.822;30.8909;29.3368;30.3081;34820.501169304
2021-03-25;30.2105;30.2105;29.1415;29.3368;11383.742388217
2021-03-26;29.9196;30.5024;29.1415;29.6277;6587.2786882112
2021-03-29;29.6277;30.3081;29.6277;30.2105;12188.899296844
2021-03-30;29.9196;30.599;29.9196;29.9196;3130.3770490314
2021-03-31;30.3081;30.3081;27.7816;29.2391;9477.3255264812
2021-04-01;28.2678;29.3368;27.8793;29.2391;9999.5620604142
2021-04-06;29.1415;29.822;28.6563;29.531;3404.1709600254
2021-04-07;29.531;29.5794;29.1415;29.3851;1776.6182668944
2021-04-08;29.6277;29.6277;28.7047;28.753;4868.4613580822
2021-04-09;29.1415;29.1415;28.1702;28.3644;18328.981263765
2021-04-12;28.8506;28.8506;28.3161;28.753;3321.018735205
2021-04-13;28.7047;28.8506;27.8793;28.753;6042.7330207898
2021-04-14;28.6563;28.7047;28.1702;28.3161;4766.04215434
2021-04-15;28.6563;29.0449;28.3644;28.6563;5900.7658076818
2021-04-16;28.2678;28.8989;28.2678;28.6563;4045.0515220558
2021-04-19;29.1415;29.3368;28.6563;28.6563;4723.4519904076
2021-04-20;29.0932;29.3368;28.5587;29.1415;9303.922716185
2021-04-21;29.1415;29.1415;28.3161;28.4137;4542.950819456
2021-04-22;28.5104;29.0932;27.2964;28.6563;14687.522247545
2021-04-23;27.9759;28.753;27.9276;28.1702;3864.5503511042
2021-04-26;28.753;28.753;27.685;28.1702;5198.0281027972
2021-04-27;28.4137;28.753;28.1702;28.608;4370.562060682
2021-04-28;28.6563;28.6563;28.3644;28.4137;2134.578454231
2021-04-29;28.6563;28.6563;28.1218;28.2678;5387.6557374486
2021-04-30;28.5587;28.6563;28.1702;28.2195;3007.6768148452
2021-05-04;28.2195;28.8023;28.1702;28.4621;5323.77049155
2021-05-05;28.6563;29.3368;28.1702;29.0449;8691.4355967762
2021-05-06;29.0449;29.0449;28.1702;28.9472;4818.7728334944
2021-05-07;28.9472;28.9472;28.1702;28.8506;3720.5550349518
2021-05-10;28.8506;28.8506;28.0735;28.4621;12975.803278071
2021-05-11;28.2678;28.4621;27.3931;28.1218;10478.194378893
2021-05-12;28.4621;28.8989;27.5874;28.3644;9993.477751281
2021-05-13;28.3644;28.7047;28.1702;28.608;5131.100702332
2021-05-14;28.608;28.8506;28.1702;28.3161;3802.69320825
2021-05-17;28.3644;28.6563;28.3161;28.3161;2278.5737703834
2021-05-18;28.5587;28.5587;28.1702;28.5104;2532.0866509334
2021-05-19;28.5104;28.608;27.7816;28.1702;5929.1592503034
2021-05-20;28.4621;28.9472;28.1702;28.608;7131.8243556326
2021-05-21;28.9472;29.1415;28.8989;29.1415;4454.7283370246
2021-05-24;29.2391;29.9196;28.9472;29.822;11847.163933863
2021-05-25;29.9196;32.8336;29.822;32.2991;38081.690864699
2021-05-26;32.2991;32.4451;31.2302;31.3761;9692.3044491876
2021-05-27;31.9106;32.882;31.8623;32.882;8164.1288052322
2021-05-28;33.1245;33.2222;31.0852;32.6394;14275.817329532
2021-05-31;32.6394;32.8336;31.5704;31.813;9011.8758777914
2021-06-01;31.9106;33.2705;30.6474;32.882;17950.740045984
2021-06-02;33.0279;33.0279;32.2015;32.8336;4151.5269318868
2021-06-04;32.9303;35.5534;32.0566;34.9706;12275.093676231
2021-06-07;35.2615;35.942;34.873;34.873;16006.803277927
2021-06-08;35.3108;35.8443;33.805;34.3878;6504.1264633908
2021-06-09;34.7763;34.7763;34.2902;34.5821;2924.5245900248
2021-06-10;34.5821;34.728;33.9993;33.9993;3922.3512878696
2021-06-11;34.0476;34.6787;33.9993;34.3395;3210.4871192852
2021-06-14;34.3395;38.0789;34.3395;36.1846;43079.950817623
2021-06-15;36.2822;37.3985;35.6501;35.796;14060.838406825
2021-06-16;35.796;36.719;35.796;36.5248;8205.7049176424
2021-06-17;36.9133;37.3019;35.8443;36.4271;7185.5690863092
2021-06-18;36.9133;37.3502;36.4271;37.3502;5555.9882901338
2021-06-21;37.3985;37.8847;36.9133;37.6904;4384.7587819928
2021-06-22;37.8847;37.8847;36.9133;37.8847;5438.3583135586
2021-06-23;37.8847;37.8847;36.9133;37.6904;6493.9859481688
2021-06-24;37.7387;37.7387;35.3592;36.4271;23151.810303348
2021-06-25;36.9133;36.9133;35.6017;36.2329;10253.074940964
2021-06-28;36.2329;36.4765;33.5131;34.728;16195.416861056
2021-06-29;34.6787;35.2615;33.9993;34.873;7936.9812642594
2021-06-30;34.0959;36.8157;34.0959;35.942;2231.9274003622
2021-07-01;36.2822;36.2822;34.1452;34.8247;3086.7728335768
2021-07-02;35.3592;35.3592;33.4164;33.7074;3699.2599529856
2021-07-05;33.805;34.7763;33.2222;34.7763;4144.4285712314
2021-07-06;33.9993;34.9706;33.805;34.6787;1547.4426228772
2021-07-07;34.6787;34.6787;33.7557;33.7557;1278.7189694942
2021-07-08;33.6107;33.9993;32.0566;32.8336;7825.4355968174
2021-07-09;32.1049;32.5417;31.7647;32.4934;5403.8805618038
2021-07-12;32.1532;32.4934;31.7163;32.2015;2569.6065572548
2021-07-13;32.2015;32.2508;32.0072;32.2508;1009.9953161112
2021-07-14;32.2508;32.5417;32.2508;32.4934;545.5597189436
2021-07-15;32.3475;32.5417;32.1532;32.4934;745.327868817
2021-07-16;32.2508;33.95;31.8623;33.0762;5246.7025758628
2021-07-19;33.9016;33.9016;32.2991;32.882;3281.4707258392
2021-07-20;32.2991;32.7843;30.4048;30.4048;14540.484776826
2021-07-21;30.4048;31.7647;29.2875;31.4244;13010.281029826
2021-07-22;31.9589;32.0072;31.5704;31.6187;4863.3911004712
2021-07-23;32.0072;32.0072;31.0852;31.0852;777.7775175274
2021-07-26;31.0852;31.4737;30.6967;30.6967;3747.9344260512
2021-07-27;30.6967;30.6967;29.531;30.599;6607.5597186552
2021-07-28;31.0359;31.0359;29.9679;30.1139;2118.3536298758
2021-07-29;30.1622;30.5024;29.3851;30.4048;3395.0444963256
2021-07-30;30.3564;30.8909;29.822;30.3564;1604.2295081204
2021-08-02;30.1139;30.1139;29.1415;29.676;11266.112411642
2021-08-03;29.2391;30.6967;29.2391;30.5024;5164.5644025646
2021-08-04;30.5024;30.9393;30.0162;30.745;3295.66744715
2021-08-05;30.745;30.8416;30.1622;30.6967;1727.9437938288
2021-08-06;30.8416;32.0072;30.4048;31.9589;12152.393442045
2021-08-09;31.9106;32.0566;31.2302;31.8623;1153.9906322636
2021-08-10;30.9876;30.9876;29.3851;30.1622;13177.599530989
2021-08-11;30.599;30.8416;30.5024;30.599;2163.9859483748
2021-08-12;30.8416;30.9393;30.6967;30.8416;4796.463700006
2021-08-13;30.8416;30.8416;30.6967;30.7933;2588.8735361766
2021-08-16;30.6967;30.9876;30.6967;30.8416;1800.9555034272
2021-08-17;30.9876;31.0852;30.599;30.6474;3510.6463698564
2021-08-18;30.6474;31.0852;30.6474;31.0852;665.2177985632
2021-08-19;31.0852;31.0852;30.1139;30.5507;4657.5386414646
2021-08-20;30.599;31.0359;30.4048;31.0359;4261.0444962844
2021-08-23;31.0359;31.2302;30.6967;30.9876;1021.1498828554
2021-08-24;31.0359;31.0359;30.1622;30.599;1384.180327803
2021-08-25;30.2588;30.8416;30.2105;30.7933;1269.5925057944
2021-08-26;30.2105;30.7933;30.2105;30.6967;1590.0327868096
2021-08-27;30.7933;30.7933;29.9196;30.4048;2399.2459015252
2021-08-30;30.1139;30.5507;29.7253;30.5507;3044.1826696444
2021-08-31;30.2105;30.5024;29.7736;29.8703;2571.6346602992
2021-09-01;30.4048;30.4048;29.8703;30.1139;5927.131147259
2021-09-02;30.8909;30.9876;30.2105;30.9393;6020.4238873014
2021-09-03;30.8909;31.4737;30.2105;31.4737;3980.152224635
2021-09-06;31.5221;32.9303;31.1335;32.2508;13886.421545007
2021-09-07;32.7843;32.7843;31.668;31.668;6927.9999996704
2021-09-08;31.668;32.5417;31.3278;31.3278;26466.74472942
2021-09-09;31.5704;31.7647;30.6474;30.9876;3908.1545665588
2021-09-10;31.813;31.813;29.7253;30.1622;11356.362997118
2021-09-13;30.1139;30.2105;29.3368;30.0645;7763.5784539632
2021-09-14;29.4817;29.9196;29.1415;29.822;8849.6276342394
2021-09-15;29.7736;29.7736;28.2195;28.7047;9614.2224819782
2021-09-16;28.7047;29.3368;28.1702;29.0449;6849.918032461
2021-09-17;27.7816;29.1415;27.7816;29.0932;1831.3770490932
2021-09-20;29.0449;29.0449;27.4907;27.9759;5870.3442620158
2021-09-21;27.539;27.8793;27.3931;27.7333;4353.3231848046
2021-09-22;27.8309;27.8309;26.3734;27.0045;11584.524589613
2021-09-23;27.539;28.5587;27.1988;28.5104;3736.779859307
2021-09-24;28.5587;28.6563;27.3931;27.3931;2808.922716494
2021-09-27;28.3644;28.5587;27.8793;28.4621;2127.4800935756
2021-09-28;28.4621;28.5104;27.3448;27.3448;3756.0468382288
2021-09-29;27.8793;27.8793;27.1988;27.7816;3132.4051520758
2021-09-30;27.7816;29.6277;27.1022;28.753;5041.8641683784
2021-10-01;28.753;28.753;27.9276;28.3644;1019.121779811
2021-10-04;28.3161;28.3161;27.8309;28.0252;637.8384074638
2021-10-05;28.1218;28.1702;27.7333;27.9276;5603.6487116772
2021-10-06;28.1702;28.8506;27.1988;27.8793;4846.1522245938
2021-10-07;27.8793;27.8793;27.685;27.685;1234.1007025174
2021-10-08;28.0735;28.1702;27.2964;27.8309;4018.6861824786
2021-10-11;27.7816;29.4334;27.1988;27.685;5768.9391097958
2021-10-12;27.5874;28.1702;27.2964;27.9759;1755.3231849282
2021-10-13;27.9759;27.9759;27.4424;27.8793;1165.1451990078
2021-10-14;27.9276;27.9759;27.1988;27.9759;3773.2857141062
2021-10-15;27.8793;27.8793;27.1505;27.8309;1607.271662687
2021-10-18;27.8309;27.8309;27.1988;27.6367;1519.0491802556
2021-10-19;27.6367;27.685;27.4907;27.685;314.355971882
2021-10-20;27.5874;27.685;27.4907;27.685;992.7564402338
2021-10-21;27.685;27.8309;27.1988;27.5874;1567.7236533212
2021-10-22;27.7816;27.7816;27.1505;27.2964;4605.8220138324
2021-10-25;27.1505;27.2964;27.0045;27.0045;2745.0374705954
2021-10-26;27.0045;31.813;26.3734;30.9876;33102.697890697
2021-10-27;30.9876;32.736;30.1139;30.1139;22326.372364277
2021-10-28;30.599;30.599;28.9966;28.9966;6015.3536296904
2021-10-29;29.1415;30.5024;28.6563;29.8703;14727.070256911
2021-11-02;29.531;30.1139;28.8506;29.4334;5386.6416859264
2021-11-03;29.4334;29.4334;27.685;28.9472;13023.463699615
2021-11-04;28.9966;28.9966;28.0735;28.4137;3208.4590162408
2021-11-05;28.0735;29.531;27.9759;29.531;11799.503512319
2021-11-08;29.531;30.0162;29.1908;29.7253;2554.3957844218
2021-11-09;30.0162;30.1139;29.1415;29.7253;2288.7142856054
2021-11-10;29.9196;29.9196;28.7047;29.3851;2134.578454231
2021-11-12;29.3851;29.531;28.7047;28.7047;751.4121779502
2021-11-15;29.2391;29.2391;28.1218;28.608;5482.9765805354
2021-11-16;28.608;29.0932;28.0735;28.8023;5940.3138170476
2021-11-17;29.3851;29.3851;28.2678;29.2391;8465.3021073256
2021-11-18;29.1415;29.1415;27.1988;27.685;11676.803278133
2021-11-19;27.7816;28.2678;27.4907;27.7816;3694.1896953746
2021-11-22;28.2195;28.2195;26.616;26.9562;4394.8992972148
2021-11-23;26.9562;27.1022;25.5963;26.5194;6640.0093673656
2021-11-24;27.4424;27.4907;26.5677;27.1988;4309.71896935
2021-11-25;27.3931;27.4424;26.9079;27.1022;1528.1756439554
2021-11-26;27.1022;27.1022;26.2275;26.5677;4359.4074939378
2021-11-29;26.6653;26.7136;25.6447;26.6653;11561.201404602
2021-11-30;27.0045;27.1988;26.5194;27.1988;4720.409835841
2021-12-01;27.1988;27.9759;27.0539;27.9276;805.1569086268
2021-12-02;27.9759;29.9196;27.9276;29.0449;13371.283371729
2021-12-03;29.4334;29.4334;28.8023;29.0449;4148.4847773202
2021-12-06;29.531;29.531;28.8506;29.1415;8688.3934422096
2021-12-07;29.1415;29.1415;27.7816;28.8506;6669.4168615094
2021-12-08;28.9472;28.9472;27.8793;28.608;1350.7166275704
2021-12-09;28.608;28.608;27.6367;28.3644;2265.3911005948
2021-12-10;28.4137;28.4137;27.1988;28.2678;4620.0187351432
2021-12-13;28.2678;28.2678;27.3931;28.0735;2943.7915689466
2021-12-14;28.1702;28.5104;27.8793;28.4137;6916.8454329262
2021-12-15;28.4137;28.5587;27.2964;27.2964;7085.1779856114
2021-12-16;27.3931;28.8989;27.3931;28.3644;15686.362996912
2021-12-17;28.3644;28.6563;27.3931;28.4621;8086.0468380228
2021-12-20;28.608;28.608;26.9562;27.1988;17227.721310656
2021-12-21;27.1988;27.1988;26.7136;27.1988;13283.060889298
2021-12-22;27.1988;27.1988;26.7136;27.1505;2988.4098359234
2021-12-23;27.1988;27.7333;26.7136;27.539;14448.206088306
2021-12-27;27.685;27.685;27.1022;27.3931;47953.482433316
2021-12-28;27.539;27.539;26.5194;27.1505;34677.519904673
2021-12-29;26.5194;28.2195;26.5194;28.1218;3589.742388588
2021-12-30;28.2195;28.2195;27.4907;28.0735;2359.6978921594
2022-01-03;27.7333;28.753;27.7333;28.753;3079.6744729214
2022-01-04;28.753;28.753;28.1702;28.7047;3534.9836063892
2022-01-05;28.753;28.9966;28.4621;28.5104;2437.7798593688
2022-01-07;28.5104;29.0449;28.1702;28.2195;6081.2669786334
2022-01-10;29.0449;30.0162;28.5587;29.5794;31456.892270166
2022-01-11;29.5794;29.5794;28.8506;29.1415;15922.637001584
2022-01-12;29.1415;30.0162;29.0449;29.9196;20292.185010744
2022-01-13;29.9679;31.9106;29.9196;31.813;52870.618264464
2022-01-14;31.8623;32.4934;31.813;32.4934;21792.9812636
2022-01-17;32.4451;33.4164;32.4451;33.2705;14536.428570737
2022-01-18;33.4648;33.6107;32.5417;33.4164;33094.585478519
2022-01-19;33.0279;33.2222;31.2302;32.5417;27372.292738745
2022-01-20;32.882;32.882;31.7163;32.0566;5494.1311472796
2022-01-21;32.0566;32.0566;30.2588;30.9876;9697.3747067986
2022-01-24;30.9876;31.0852;28.5104;28.9472;14008.107727671
2022-01-25;28.9472;31.0852;28.1702;29.822;18476.018734484
2022-01-26;30.1139;31.0852;30.1139;30.2588;3626.2482433872
2022-01-27;29.9196;30.9393;28.8506;29.1908;5802.4028100284
2022-01-28;29.1908;29.531;28.9472;29.4334;2459.074941335
2022-01-31;29.4334;30.0162;29.4334;30.0162;2697.377049052
2022-02-01;30.0162;30.1139;28.6563;28.9472;7222.0749411084
2022-02-02;28.9966;30.1139;28.9966;29.4817;10777.339577942
2022-02-03;29.9679;30.0162;29.2391;29.676;1370.9976580144
2022-02-04;29.676;29.676;28.8023;29.5794;4722.4379388854
2022-02-07;29.7253;29.9196;29.0449;29.5794;4399.9695548258
2022-02-08;29.6277;29.822;29.1415;29.2391;8407.5011705602
2022-02-09;30.0281;30.2253;29.6829;30.2253;4089.6697890326
2022-02-10;30.2253;30.2253;29.6829;30.0774;2605.0983605318
2022-02-11;29.7815;29.9788;29.2885;29.9788;1916.557376958
2022-02-14;28.0065;29.4857;27.9572;28.7954;10452.843090838
2022-02-15;29.535;29.6336;28.7461;29.5843;4853.2505852492
2022-02-16;29.5843;29.8308;29.3871;29.5843;3167.8969553528
2022-02-17;29.5843;29.5843;28.3023;28.4009;8555.5526928014
2022-02-18;29.2885;30.0281;29.0912;29.4857;6304.3583135174
2022-02-21;29.4857;30.0281;27.1189;29.0419;16341.440280253
2022-02-22;27.612;28.5982;27.4148;28.3516;7737.213114386
2022-02-23;28.3516;28.7461;28.1544;28.5982;1424.742388691
2022-02-24;26.6259;28.1051;24.8508;25.9356;40996.074939502
2022-02-25;26.5273;27.5627;26.0342;27.1682;10799.64871143
2022-02-28;27.4148;27.4148;26.5273;27.1189;1965.2318500236
2022-03-01;27.1189;27.1189;26.1328;26.1328;5549.9039810006
2022-03-02;26.7738;26.7738;25.4425;25.5411;8829.3466037954
2022-03-03;25.689;26.1328;25.3932;26.1328;46927.262292849
2022-03-04;26.1328;26.1328;25.3439;25.4425;5239.6042152074
2022-03-07;24.6536;25.6397;24.6536;25.4425;9819.0608894626
2022-03-08;25.4918;26.1328;24.8015;25.6397;4467.9110068132
2022-03-09;25.6397;26.7738;25.6397;26.6259;3853.39578436
2022-03-10;26.6259;27.0696;25.9849;26.5273;5083.4402807886
2022-03-11;27.1189;27.5134;26.4779;27.4641;4483.1217796462
2022-03-14;27.4641;28.4995;27.4641;27.8585;4099.8103042546
2022-03-15;28.3023;28.3023;26.8724;27.612;6511.2248240462
2022-03-16;28.1051;28.5982;27.8585;28.0065;4833.9836063274
2022-03-17;28.6475;28.6475;27.9079;27.9079;601.3325526646
2022-03-18;28.3516;28.5982;28.0065;28.5982;2636.53395772
2022-03-21;28.5982;28.6968;28.3516;28.6968;3956.8290396244
2022-03-22;28.6968;28.6968;28.3516;28.4009;3067.505854655
2022-03-23;28.8447;28.8447;28.0065;28.1544;9337.3864164176
2022-03-24;28.5982;28.6968;28.3023;28.6968;981.6018734896
2022-03-25;28.7461;28.7461;28.253;28.6475;2636.53395772
2022-03-28;28.7461;28.7461;28.3023;28.3023;3066.4918031328
2022-03-29;28.5488;28.7954;28.1544;28.1544;3883.817330026
2022-03-30;28.5982;28.7954;28.253;28.4009;1972.330210679
2022-03-31;28.6968;28.6968;28.1051;28.1051;2714.6159249294
2022-04-01;28.1051;28.3023;28.0558;28.0558;1916.557376958
2022-04-04;28.1051;28.4995;28.1051;28.4995;2855.5690865152
2022-04-05;28.5982;28.7461;27.9572;28.0065;5279.1522245732
2022-04-06;27.612;27.9079;27.2669;27.2669;12209.180327288
2022-04-07;27.3162;27.7106;27.0203;27.5134;2322.177985838
2022-04-08;27.612;27.8092;27.2669;27.7106;3287.5550349724
2022-04-11;27.4641;27.7599;27.2176;27.7599;4327.9718967496
2022-04-12;27.7106;27.9079;27.4148;27.9079;1889.1779858586
2022-04-13;28.1544;29.1405;27.612;28.4009;7979.5714281918
2022-04-14;28.5982;28.7461;28.1544;28.5488;4649.426229287
2022-04-19;28.1544;28.4502;27.4148;27.8092;5321.7423885056
2022-04-20;28.3516;28.3516;27.6613;27.7106;1235.1147540396
2022-04-21;27.6613;28.0558;27.5134;27.9079;4177.892271464
2022-04-22;27.9572;27.9572;27.0203;27.7106;4466.896955291
2022-04-25;27.9572;27.9572;26.9217;27.1682;4086.627634466
2022-04-26;27.2176;27.5627;27.0696;27.5627;2533.1007024556
2022-04-27;27.9079;27.9079;26.33;26.33;5178.7611238754
2022-04-28;26.4779;27.612;26.4779;26.6259;1456.1779858792
2022-04-29;27.4148;27.612;26.971;27.4148;1500.796252856
2022-05-02;27.9079;27.9079;26.7245;27.5134;885.2669788806
2022-05-04;27.8092;27.8092;26.8231;27.1189;953.208430868
2022-05-05;27.2669;27.612;26.6259;27.5627;5242.646369774
2022-05-06;27.4148;27.4148;26.6259;26.8231;2481.3840748234
2022-05-09;26.971;27.5627;26.6752;26.8231;3980.152224635
2022-05-10;27.5627;27.612;26.6259;26.7738;5287.2646367508
2022-05-11;26.8724;27.7106;26.7245;26.7738;1951.0351287128
2022-05-12;26.8231;27.4148;26.33;26.6259;4782.2669786952
2022-05-13;26.971;27.5134;26.4286;26.6259;2515.8618265782
2022-05-16;27.0696;27.1189;26.33;26.3793;1997.681498734
2022-05-17;26.1328;26.7738;25.837;25.8863;13339.847774541
2022-05-18;26.5273;26.7245;26.0342;26.0342;3002.6065572342
2022-05-19;26.8231;26.8231;26.0342;26.6752;854.8454332146
2022-05-20;26.6259;27.0203;26.33;27.0203;1697.5222481628
2022-05-23;26.6259;27.0696;26.33;26.7245;2452.9906322018
2022-05-24;26.2807;26.6259;26.2807;26.2807;2333.3325525822
2022-05-25;26.971;26.971;26.4286;26.5766;459.3653395566
2022-05-26;26.33;26.6259;26.2807;26.6259;1682.3114753298
2022-05-27;26.6259;26.6259;26.0835;26.5273;2741.9953160288
2022-05-30;26.4779;26.5766;26.1328;26.1821;2656.814988164
2022-05-31;26.5766;26.5766;25.837;26.1328;3036.0702574668
2022-06-01;26.5273;26.5273;24.9001;26.0342;11316.814987752
2022-06-02;26.3793;26.5273;24.9001;25.7383;9157.8992969882
2022-06-03;25.7383;26.2314;25.5411;25.5411;1449.0796252238
2022-06-06;25.3439;26.4286;25.2453;25.9356;6270.8946132848
2022-06-07;25.9356;26.0342;24.7522;24.9987;6185.71428542
2022-06-08;25.6397;26.33;24.9001;26.33;4054.1779857556
2022-06-09;26.2807;26.2807;25.6397;25.7876;1974.3583137234
2022-06-10;25.7876;27.0696;25.3439;26.4286;7300.1569083178
2022-06-13;26.33;26.6259;25.689;25.7383;3926.4074939584
2022-06-14;25.7876;26.33;25.3439;25.4425;2622.3372364092
2022-06-15;25.4918;25.837;24.9987;24.9987;4521.6557374898
2022-06-17;24.9987;25.6397;24.7522;24.9494;2728.8126462402
2022-06-20;24.7522;24.7522;22.6813;24.1112;8405.4730675158
2022-06-21;24.6043;24.6043;23.5195;23.6181;3810.8056204276
2022-06-22;23.5688;24.1605;23.5195;23.5195;3361.580796093
2022-06-23;23.5688;24.1112;23.1744;23.1744;5747.6440278296
2022-06-24;23.1744;24.0619;22.6813;23.273;5009.414519668
2022-06-27;23.0758;24.407;22.8292;24.0619;5658.407493876
2022-06-28;24.0619;25.5904;23.8647;25.5904;7442.1241214258
2022-06-29;25.9356;25.9356;24.4564;25.6397;2085.9039811654
2022-06-30;24.8015;25.3932;24.0619;24.1605;4537.880561845
2022-07-01;24.1112;24.555;23.3223;23.4702;5124.0023416766
2022-07-04;23.6674;24.6536;23.6674;24.3577;1469.3606556678
2022-07-05;24.3084;24.3084;22.4348;22.6813;6266.838407196
2022-07-06;22.8785;23.3223;22.1882;22.1882;10050.264636524
2022-07-07;22.2868;24.0126;22.2868;23.3716;2326.2341919268
2022-07-08;23.3716;24.0126;23.3716;24.0126;3813.8477749942
2022-07-11;24.0619;24.3577;22.6813;24.1605;16151.812645602
2022-07-12;23.7167;24.9987;23.7167;24.2591;3256.1194377842
2022-07-13;24.2591;25.048;23.3716;24.0126;7998.8384071136
2022-07-14;24.0619;24.0619;23.273;23.6674;4101.838407299
2022-07-15;24.2591;24.555;23.3223;24.0619;5482.9765805354
2022-07-18;23.6674;24.6043;23.273;24.2591;2842.3864167266
2022-07-19;24.2098;24.2591;23.0758;24.0619;8132.693208044
2022-07-20;24.0619;24.0619;23.0264;23.8647;905.5480093246
2022-07-21;23.6181;23.9633;23.4702;23.9633;2366.7962528148
2022-07-22;23.8647;24.9001;23.1251;24.3577;23810.943792778
2022-07-25;24.6536;25.4918;24.6536;25.4918;5891.639343982
2022-07-26;25.4918;25.9849;25.2453;25.9849;6933.0702572814
2022-07-27;25.9849;26.7738;25.689;25.9356;14061.852458347
2022-07-28;26.4779;26.5273;26.0342;26.5273;11424.304449105
2022-07-29;25.9356;27.2669;25.9356;26.5273;19188.896954591
2022-08-01;27.1682;27.1682;26.6752;27.1682;4431.405152014
2022-08-02;27.1682;27.1682;26.7738;26.7738;776.7634660052
2022-08-03;26.6259;27.0203;26.4286;27.0203;3810.8056204276
2022-08-04;27.0203;27.1189;26.6259;26.7245;1269.5925057944
2022-08-05;26.6259;27.0203;26.2807;27.0203;931.9133489018
2022-08-08;27.0203;27.3162;26.9217;27.3162;3525.8571426894
2022-08-09;27.612;27.7106;27.1189;27.1189;2635.5199061978
2022-08-10;27.5627;27.5627;26.5273;27.5134;3137.4754096868
2022-08-11;27.612;28.0558;27.4641;27.7106;3810.8056204276
2022-08-12;27.7106;27.8092;27.0696;27.7599;1119.5128805088
2022-08-16;28.0065;28.4995;27.1682;27.1682;3000.5784541898
2022-08-17;27.612;27.612;26.5273;26.5273;2804.8665104052
2022-08-18;26.5273;26.9217;25.8863;26.5273;5342.0234189496
2022-08-19;26.5273;26.8724;26.2314;26.6752;728.0889929396
2022-08-22;26.8724;27.1189;25.196;25.196;5139.2131145096
2022-08-23;25.2453;26.2314;25.2453;26.1328;1281.7611240608
2022-08-24;26.1328;26.1328;25.689;26.0835;697.6674472736
2022-08-25;26.1328;26.1328;25.7383;25.9849;489.7868852226
2022-08-26;25.9849;26.0342;25.5411;26.0342;2282.6299764722
2022-08-29;25.689;26.5766;25.3932;26.4286;2436.7658078466
2022-08-30;26.4286;26.4286;26.0342;26.4286;350.8618266812
2022-08-31;26.4286;26.6259;25.4425;25.837;2150.8032785862
2022-09-01;26.0835;26.0835;23.9633;25.048;5007.3864166236
2022-09-02;25.1467;25.3932;24.9987;25.3932;265.6814988164
2022-09-05;25.3932;26.3793;25.3932;25.689;3102.997657932
2022-09-06;25.7383;25.7383;24.9987;25.689;1639.7213113974
2022-09-07;25.689;25.7383;24.9494;25.7383;3485.2950818014
2022-09-08;26.0342;26.0342;24.7522;24.9001;2361.7259952038
2022-09-09;25.1467;25.7383;25.1467;25.7383;683.4707259628
2022-09-12;25.5904;26.33;25.5411;25.6397;579.0234191762
2022-09-13;25.6397;26.33;25.4425;25.4425;1728.957845351
2022-09-14;25.4425;26.33;25.4425;26.2314;4921.1920372366
2022-09-15;26.2314;26.5273;25.6397;26.5273;1808.0538640826
2022-09-16;26.6259;26.6259;25.7383;25.8863;2925.538641547
2022-09-19;26.1328;26.5273;25.6397;26.5273;1343.618266915
2022-09-20;26.5766;26.5766;25.8863;25.9356;2410.4004682694
2022-09-21;26.4286;26.4286;25.5904;25.9849;277.8501170828
2022-09-22;25.9849;26.4286;25.4425;25.5411;4554.1053862002
2022-09-23;26.4286;26.4286;25.5904;26.2807;1435.8969554352
2022-09-26;26.2807;26.4286;25.5904;25.5904;3462.985948313
2022-09-27;26.1328;27.612;25.7383;26.33;7330.5784539838
2022-09-28;26.33;26.7245;26.2807;26.7245;290.0187353492
2022-09-29;26.7245;27.1189;26.0835;27.1189;1400.4051521582
2022-09-30;27.1189;27.612;26.6259;27.4641;1703.606557296
2022-10-03;27.2176;28.7954;27.2176;28.7954;5507.3138170682
2022-10-04;29.2391;31.2607;28.894;31.1621;13096.475409213
2022-10-05;31.1621;31.5566;29.7815;30.0774;10002.604214981
2022-10-06;30.2746;30.2746;29.6336;29.9788;2646.674472942
2022-10-07;30.0774;30.5704;28.9926;30.3732;4590.6112409994
2022-10-10;30.3732;31.0142;29.7322;30.8663;1657.974238797
2022-10-11;30.4718;30.8663;29.4857;30.8663;1953.0632317572
2022-10-12;29.9294;30.5211;29.8801;29.9294;8891.2037466496
2022-10-13;30.0281;30.0281;29.4857;30.0281;2960.0163933018
2022-10-14;30.0774;30.0774;29.6336;29.8308;1653.9180327082
2022-10-17;30.0281;30.0774;29.6336;29.7815;3596.8407492434
2022-10-18;29.8801;30.0774;29.6829;29.9294;8175.2833719764
2022-10-19;29.9294;29.9294;28.9926;29.0419;3977.1100700684
2022-10-20;29.4857;29.4857;28.6968;29.0912;1902.3606556472
2022-10-21;28.7461;29.5843;28.7461;29.5843;380.269320825
2022-10-24;28.894;29.4857;28.894;29.1405;1684.3395783742
2022-10-25;29.1405;29.1405;28.1051;28.3023;5814.5714282948
2022-10-26;28.3023;28.9926;27.612;28.5982;3114.1522246762
2022-10-27;28.5982;28.5982;27.612;28.3516;7205.8501167532
2022-10-28;28.3516;29.0912;28.3516;29.0419;1658.9882903192
2022-10-31;29.0419;29.0912;28.6968;29.0912;1019.121779811
2022-11-02;29.0419;29.0912;28.7954;28.9926;1387.2224823696
2022-11-03;28.7954;29.0912;28.1051;28.9926;2883.9625291368
2022-11-04;28.9926;29.7815;28.253;29.5843;4707.2271660524
2022-11-07;29.535;29.7322;28.7954;29.7322;39040.9836047
2022-11-08;30.176;30.9649;30.176;30.5704;6638.9953158434
2022-11-09;30.5704;30.5704;29.7322;30.4225;3005.6487118008
2022-11-10;30.4225;30.4718;29.8308;30.4718;645.9508196414
2022-11-14;30.5704;30.5704;29.535;30.3732;4220.4824353964
2022-11-15;30.3732;30.5704;29.6829;30.5704;15943.932083551
2022-11-16;29.6829;30.4225;29.5843;30.1267;6576.124121467
2022-11-17;30.176;30.2746;29.1898;29.9294;1810.081967127
2022-11-18;29.9294;30.5211;29.5843;30.1267;3907.1405150366
2022-11-21;30.1267;30.5704;29.6829;30.176;9028.1007021466
2022-11-22;30.2253;30.5211;29.8308;29.8801;1446.0374706572
2022-11-23;30.3239;30.5704;29.6829;30.4718;2620.3091333648
2022-11-24;30.0281;30.4718;29.7322;30.3732;864.9859484366
2022-11-25;30.3732;30.5211;29.5843;30.3239;2284.6580795166
2022-11-28;29.8308;30.2253;29.4857;29.4857;3481.2388757126
2022-11-29;29.4857;30.176;29.1898;29.1898;3225.6978921182
2022-11-30;29.1898;30.1267;29.0419;29.2885;3105.0257609764
2022-12-01;29.9788;31.5566;29.6829;30.9649;9949.8735358264
2022-12-02;31.458;31.458;29.8801;30.5211;10962.911006504
2022-12-05;30.8663;32.5427;30.8663;31.8524;21047.653394783
2022-12-06;32.1976;33.1837;31.458;32.6413;40938.274002736
2022-12-07;32.6413;33.4303;31.8524;33.3809;10858.463699718
2022-12-08;33.4796;33.7754;32.2962;33.6275;9360.7096014282
2022-12-09;33.6275;33.7261;32.8386;33.3316;3783.4262293282
2022-12-12;33.3316;33.5289;32.3455;32.7893;8044.4707256126
2022-12-13;32.9865;33.0358;32.1483;32.6413;7447.1943790368
2022-12-14;32.6906;33.9233;32.6906;33.0358;13007.238875259
2022-12-15;33.0358;33.5782;32.099;32.5427;7621.6112408552
2022-12-16;32.5427;33.233;32.3455;32.8386;1684.3395783742
2022-12-19;33.0358;33.3809;32.0497;32.0497;2824.133489327
2022-12-20;32.4441;32.4441;30.3732;30.5211;12315.655737119
2022-12-21;30.8663;31.5566;30.8663;31.4087;3700.2740045078
2022-12-22;30.9156;31.4087;30.9156;31.31;3378.8196719704
2022-12-23;31.31;31.458;30.6197;31.1621;4714.3255267078
2022-12-27;30.9649;31.4087;30.176;30.2253;17448.784542495
2022-12-28;30.2253;30.9156;27.9079;29.0419;24236.845432102
2022-12-29;29.0912;29.9788;28.9926;29.3378;10684.046837899
2022-12-30;29.3378;29.535;28.8447;29.0912;9622.3348941558
