Data;Otwarcie;Najwyzszy;Najnizszy;Zamkniecie;Wolumen
2017-01-02;1.16;1.16;1.11;1.14;49034
2017-01-03;1.14;1.14;1.09;1.13;89834
2017-01-04;1.11;1.12;1.1;1.11;66453
2017-01-05;1.11;1.14;1.1;1.13;135845
2017-01-09;1.13;1.14;1.1;1.12;76973
2017-01-10;1.12;1.12;1.06;1.08;219421
2017-01-11;1.07;1.15;1.07;1.08;189729
2017-01-12;1.11;1.11;1.08;1.1;65309
2017-01-13;1.11;1.11;1.05;1.05;169932
2017-01-16;1.05;1.08;1.04;1.07;62861
2017-01-17;1.07;1.07;1.04;1.05;124926
2017-01-18;1.06;1.11;1.04;1.08;246281
2017-01-19;1.07;1.07;1.05;1.06;136933
2017-01-20;1.05;1.07;1.05;1.06;45728
2017-01-23;1.08;1.09;1.05;1.06;168180
2017-01-24;1.09;1.09;1.05;1.07;76982
2017-01-25;1.06;1.07;1.04;1.04;191088
2017-01-26;1.04;1.04;0.96;1;403270
2017-01-27;1;1.03;0.98;1.03;198984
2017-01-30;1.03;1.03;1;1.02;169543
2017-01-31;1;1.01;0.98;1.01;136042
2017-02-01;1.01;1.01;0.99;1;68160
2017-02-02;1;1;0.97;0.99;98189
2017-02-03;0.99;1.02;0.98;1.01;62167
2017-02-06;0.98;1;0.97;0.99;47739
2017-02-07;0.98;0.99;0.96;0.99;96529
2017-02-08;1.02;1.1;0.99;0.99;1908021
2017-02-09;1.01;1.02;0.98;1;464940
2017-02-10;1.01;1.02;0.99;1.01;772689
2017-02-13;1.05;1.06;1.02;1.03;503243
2017-02-14;1.03;1.04;1.02;1.03;117254
2017-02-15;1.03;1.04;1.01;1.03;110876
2017-02-16;1.03;1.07;1.02;1.04;368499
2017-02-17;1.04;1.06;1.03;1.04;55924
2017-02-20;1.04;1.04;1.02;1.03;94158
2017-02-21;1.02;1.04;1;1.02;176160
2017-02-22;1.02;1.02;1;1.02;106725
2017-02-23;1.01;1.03;1;1.02;87050
2017-02-24;1.03;1.03;1;1.02;75225
2017-02-27;1.02;1.02;1;1.01;140550
2017-02-28;1;1.12;0.98;1.07;1135437
2017-03-01;1.07;1.08;1.03;1.04;283861
2017-03-02;1.04;1.07;1.02;1.04;234564
2017-03-03;1.04;1.04;1.02;1.04;74018
2017-03-06;1.03;1.03;1.01;1.01;208766
2017-03-07;1.02;1.03;0.95;0.99;396617
2017-03-08;1;1;0.97;1;141407
2017-03-09;1;1;0.98;1;66890
2017-03-10;1.01;1.01;0.99;1.01;30169
2017-03-13;0.99;1.01;0.99;1;51250
2017-03-14;1.01;1.04;1;1.04;283212
2017-03-15;1.04;1.04;1;1;132580
2017-03-16;1.01;1.06;1.01;1.05;264015
2017-03-17;1.05;1.05;1.01;1.03;59727
2017-03-20;1.02;1.03;1;1.01;171565
2017-03-21;1.01;1.05;1;1.02;159739
2017-03-22;1.01;1.01;0.99;1.01;129410
2017-03-23;1.02;1.03;0.99;1.01;218212
2017-03-24;1.01;1.03;1.01;1.02;42942
2017-03-27;1;1.02;1;1.01;35358
2017-03-28;1.01;1.03;0.99;1;144639
2017-03-29;1.01;1.02;1;1.01;60351
2017-03-30;1.02;1.11;1;1.06;997100
2017-03-31;1.06;1.08;1.02;1.05;155994
2017-04-03;1.08;1.14;1.05;1.06;1032559
2017-04-04;1.07;1.11;1.06;1.1;401967
2017-04-05;1.12;1.12;1.07;1.1;207816
2017-04-06;1.09;1.1;1.07;1.08;177090
2017-04-07;1.09;1.1;1.08;1.09;67248
2017-04-10;1.09;1.1;1.05;1.08;146653
2017-04-11;1.08;1.08;1.03;1.03;79174
2017-04-12;1.03;1.05;1.03;1.05;72311
2017-04-13;1.03;1.05;1.01;1.03;133741
2017-04-18;1.01;1.04;1;1.04;104044
2017-04-19;1.04;1.04;1.01;1.02;26620
2017-04-20;1.04;1.04;1.01;1.03;19945
2017-04-21;1.01;1.02;1;1.01;76796
2017-04-24;1;1.02;1;1;68557
2017-04-25;1;1.02;1;1.02;98668
2017-04-26;1.01;1.02;1;1.01;93005
2017-04-27;1.02;1.03;1;1.01;34421
2017-04-28;1.01;1.03;1.01;1.01;120913
2017-05-02;1.02;1.05;1.02;1.04;96814
2017-05-04;1.04;1.06;1.03;1.04;25627
2017-05-05;1.02;1.04;1.01;1.03;31118
2017-05-08;1.03;1.03;1.02;1.03;16957
2017-05-09;1.01;1.03;1.01;1.03;12594
2017-05-10;1.03;1.04;1.01;1.03;34981
2017-05-11;1.03;1.03;1;1.02;11637
2017-05-12;1.03;1.08;1.02;1.06;127899
2017-05-15;1.05;1.07;1.05;1.06;71742
2017-05-16;1.07;1.07;1.04;1.06;53105
2017-05-17;1.06;1.06;1.03;1.05;57300
2017-05-18;1.03;1.05;1.02;1.02;84965
2017-05-19;1.02;1.07;1.02;1.06;143644
2017-05-22;1.08;1.35;1.08;1.35;1984087
2017-05-23;1.21;1.26;1.11;1.15;1936739
2017-05-24;1.14;1.37;1.1;1.27;1838004
2017-05-25;1.27;1.31;1.23;1.3;547860
2017-05-26;1.29;1.3;1.23;1.28;304581
2017-05-29;1.29;1.29;1.17;1.18;703203
2017-05-30;1.18;1.24;1.14;1.21;165739
2017-05-31;1.2;1.24;1.17;1.21;174799
2017-06-01;1.21;1.24;1.21;1.23;53916
2017-06-02;1.24;1.42;1.23;1.35;1692285
2017-06-05;1.31;1.35;1.28;1.34;307528
2017-06-06;1.36;1.45;1.28;1.3;1546437
2017-06-07;1.33;1.39;1.3;1.32;284095
2017-06-08;1.35;1.35;1.29;1.33;133633
2017-06-09;1.34;1.34;1.28;1.32;163132
2017-06-12;1.32;1.33;1.24;1.25;249746
2017-06-13;1.26;1.3;1.25;1.28;69964
2017-06-14;1.31;1.34;1.25;1.33;170066
2017-06-16;1.33;1.35;1.3;1.33;62868
2017-06-19;1.34;1.35;1.31;1.31;55712
2017-06-20;1.33;1.33;1.28;1.29;87922
2017-06-21;1.29;1.29;1.2;1.25;130346
2017-06-22;1.25;1.25;1.2;1.23;114045
2017-06-23;1.23;1.23;1.18;1.22;91110
2017-06-26;1.19;1.26;1.18;1.19;100122
2017-06-27;1.21;1.23;1.2;1.22;70990
2017-06-28;1.22;1.28;1.19;1.27;217375
2017-06-29;1.35;1.42;1.3;1.33;700715
2017-06-30;1.33;1.33;1.27;1.3;363225
2017-07-03;1.28;1.31;1.26;1.27;178738
2017-07-04;1.27;1.28;1.26;1.28;30186
2017-07-05;1.28;1.29;1.26;1.28;73663
2017-07-06;1.28;1.29;1.26;1.28;25139
2017-07-07;1.29;1.29;1.25;1.27;22764
2017-07-10;1.28;1.28;1.24;1.27;46060
2017-07-11;1.26;1.26;1.23;1.23;78070
2017-07-12;1.23;1.25;1.21;1.24;70280
2017-07-13;1.24;1.28;1.23;1.24;50132
2017-07-14;1.26;1.26;1.21;1.23;95117
2017-07-17;1.23;1.27;1.23;1.26;78310
2017-07-18;1.29;1.33;1.24;1.28;176573
2017-07-19;1.26;1.26;1.24;1.25;67119
2017-07-20;1.25;1.27;1.24;1.26;17280
2017-07-21;1.25;1.25;1.18;1.24;125211
2017-07-24;1.23;1.24;1.2;1.22;45966
2017-07-25;1.22;1.22;1.15;1.19;235796
2017-07-26;1.19;1.21;1.12;1.18;206934
2017-07-27;1.16;1.17;1.13;1.13;114688
2017-07-28;1.12;1.15;1.08;1.15;323177
2017-07-31;1.15;1.18;1.12;1.15;117255
2017-08-01;1.15;1.17;1.12;1.17;31064
2017-08-02;1.17;1.2;1.12;1.2;122478
2017-08-03;1.2;1.2;1.13;1.15;90764
2017-08-04;1.15;1.16;1.12;1.15;70702
2017-08-07;1.15;1.17;1.13;1.17;78118
2017-08-08;1.17;1.18;1.13;1.14;52018
2017-08-09;1.12;1.14;1.1;1.12;129514
2017-08-10;1.11;1.14;1.1;1.11;109653
2017-08-11;1.11;1.14;1.1;1.12;85314
2017-08-14;1.13;1.13;1.11;1.11;21352
2017-08-16;1.1;1.12;1.1;1.1;54867
2017-08-17;1.1;1.1;1.02;1.06;318173
2017-08-18;1.06;1.07;1.03;1.06;97969
2017-08-21;1.06;1.09;1.03;1.08;97238
2017-08-22;1.08;1.14;1.08;1.11;159170
2017-08-23;1.11;1.12;1.08;1.11;24481
2017-08-24;1.1;1.1;1.09;1.1;82787
2017-08-25;1.09;1.1;1.08;1.1;52554
2017-08-28;1.07;1.09;1.07;1.07;27919
2017-08-29;1.07;1.09;1.05;1.05;54291
2017-08-30;1.05;1.12;1.04;1.1;147794
2017-08-31;1.1;1.12;1.08;1.12;52864
2017-09-01;1.07;1.1;1.05;1.07;68699
2017-09-04;1.05;1.07;1.03;1.05;40531
2017-09-05;1.05;1.05;1.03;1.04;52241
2017-09-06;1.06;1.06;1.04;1.05;36316
2017-09-07;1.04;1.06;1.03;1.04;31691
2017-09-08;1.03;1.05;1.02;1.05;32328
2017-09-11;1.05;1.07;1.03;1.03;75308
2017-09-12;1.02;1.04;1;1.03;101875
2017-09-13;1.01;1.03;1;1.03;26895
2017-09-14;1.02;1.03;1.01;1.03;6147
2017-09-15;1.02;1.05;1;1.05;88315
2017-09-18;1.06;1.07;1.01;1.04;52587
2017-09-19;1.03;1.04;1.02;1.04;24881
2017-09-20;1.03;1.16;1.03;1.14;407452
2017-09-21;1.15;1.15;1.1;1.11;112153
2017-09-22;1.1;1.14;1.09;1.13;99872
2017-09-25;1.15;1.19;1.13;1.16;239677
2017-09-26;1.16;1.2;1.15;1.19;143450
2017-09-27;1.2;1.2;1.13;1.17;170975
2017-09-28;1.17;1.17;1.14;1.15;22260
2017-09-29;1.15;1.26;1.13;1.21;793986
2017-10-02;1.22;1.25;1.2;1.22;169851
2017-10-03;1.22;1.24;1.17;1.18;93533
2017-10-04;1.18;1.21;1.15;1.15;107320
2017-10-05;1.15;1.18;1.15;1.16;47838
2017-10-06;1.16;1.19;1.15;1.16;24025
2017-10-09;1.16;1.19;1.15;1.19;44267
2017-10-10;1.19;1.25;1.18;1.23;161118
2017-10-11;1.25;1.25;1.2;1.2;52495
2017-10-12;1.22;1.22;1.19;1.2;32861
2017-10-13;1.2;1.24;1.2;1.22;10254
2017-10-16;1.18;1.18;1.13;1.15;149988
2017-10-17;1.15;1.19;1.1;1.11;358442
2017-10-18;1.11;1.12;1.1;1.1;123031
2017-10-19;1.1;1.13;1.09;1.1;41041
2017-10-20;1.13;1.15;1.1;1.14;34046
2017-10-23;1.11;1.13;1.08;1.12;100856
2017-10-24;1.1;1.14;1.08;1.13;68538
2017-10-25;1.13;1.22;1.11;1.2;241499
2017-10-26;1.21;1.24;1.2;1.21;235486
2017-10-27;1.23;1.24;1.17;1.24;165219
2017-10-30;1.21;1.24;1.2;1.23;54047
2017-10-31;1.2;1.24;1.2;1.22;20549
2017-11-02;1.28;1.32;1.22;1.25;336799
2017-11-03;1.22;1.27;1.21;1.26;72108
2017-11-06;1.26;1.27;1.25;1.26;71373
2017-11-07;1.22;1.26;1.2;1.25;64530
2017-11-08;1.21;1.25;1.21;1.25;29907
2017-11-09;1.25;1.26;1.2;1.23;80360
2017-11-10;1.23;1.25;1.21;1.25;18074
2017-11-13;1.2;1.23;1.2;1.21;52185
2017-11-14;1.22;1.32;1.2;1.3;224724
2017-11-15;1.3;1.3;1.23;1.25;63775
2017-11-16;1.22;1.25;1.22;1.25;60102
2017-11-17;1.23;1.24;1.2;1.24;20601
2017-11-20;1.25;1.25;1.16;1.19;101350
2017-11-21;1.21;1.21;1.19;1.21;6091
2017-11-22;1.21;1.24;1.18;1.23;42633
2017-11-23;1.24;1.24;1.19;1.22;33289
2017-11-24;1.18;1.21;1.18;1.21;30568
2017-11-27;1.2;1.2;1.17;1.19;29008
2017-11-28;1.21;1.24;1.19;1.23;91339
2017-11-29;1.23;1.33;1.23;1.27;408235
2017-11-30;1.28;1.29;1.24;1.24;45643
2017-12-01;1.27;1.27;1.23;1.24;43744
2017-12-04;1.28;1.28;1.24;1.25;17682
2017-12-05;1.25;1.27;1.22;1.27;56702
2017-12-06;1.26;1.28;1.24;1.27;78000
2017-12-07;1.27;1.3;1.27;1.29;78026
2017-12-08;1.29;1.37;1.28;1.33;268986
2017-12-11;1.34;1.37;1.33;1.36;167359
2017-12-12;1.35;1.35;1.28;1.34;81438
2017-12-13;1.34;1.36;1.32;1.35;81804
2017-12-14;1.37;1.44;1.36;1.39;485546
2017-12-15;1.39;1.4;1.33;1.36;62993
2017-12-18;1.36;1.38;1.31;1.31;145358
2017-12-19;1.31;1.35;1.29;1.35;31693
2017-12-20;1.34;1.35;1.32;1.35;40812
2017-12-21;1.34;1.34;1.26;1.31;142375
2017-12-22;1.29;1.37;1.27;1.36;258008
2017-12-27;1.4;1.41;1.37;1.37;220551
2017-12-28;1.4;1.44;1.38;1.44;274185
2017-12-29;1.45;1.49;1.42;1.46;251861
2018-01-03;1.48;1.66;1.47;1.66;545727
2018-01-04;1.66;1.71;1.58;1.63;540417
2018-01-05;1.62;1.62;1.55;1.61;357419
2018-01-08;1.62;1.75;1.58;1.75;365859
2018-01-09;1.8;1.84;1.72;1.8;384954
2018-01-10;1.8;1.82;1.72;1.72;331896
2018-01-11;1.73;1.74;1.64;1.7;237557
2018-01-12;1.7;1.74;1.64;1.7;133526
2018-01-15;1.7;1.71;1.64;1.66;43403
2018-01-16;1.56;1.6;1.44;1.57;439206
2018-01-17;1.55;1.61;1.52;1.58;105329
2018-01-18;1.59;1.6;1.55;1.57;41212
2018-01-19;1.57;1.57;1.48;1.56;175895
2018-01-22;1.52;1.54;1.48;1.48;180847
2018-01-23;1.48;1.68;1.48;1.59;464203
2018-01-24;1.61;1.66;1.55;1.62;168965
2018-01-25;1.63;1.63;1.59;1.61;85820
2018-01-26;1.61;1.62;1.56;1.59;62625
2018-01-29;1.55;1.58;1.49;1.52;188164
2018-01-30;1.52;1.55;1.49;1.55;94932
2018-01-31;1.55;1.55;1.5;1.54;23564
2018-02-01;1.53;1.6;1.51;1.54;95939
2018-02-02;1.53;1.58;1.52;1.55;84375
2018-02-05;1.5;1.53;1.45;1.52;62286
2018-02-06;1.45;1.45;1.35;1.39;633490
2018-02-07;1.44;1.44;1.38;1.42;118692
2018-02-08;1.42;1.49;1.4;1.45;270698
2018-02-09;1.4;1.47;1.4;1.44;122074
2018-02-12;1.43;1.48;1.41;1.44;43254
2018-02-13;1.5;1.63;1.5;1.58;920579
2018-02-14;1.59;1.63;1.57;1.6;196362
2018-02-15;1.6;1.6;1.53;1.57;120290
2018-02-16;1.57;1.6;1.54;1.58;111738
2018-02-19;1.55;1.59;1.55;1.57;38264
2018-02-20;1.57;1.57;1.53;1.55;22773
2018-02-21;1.55;1.55;1.46;1.49;216391
2018-02-22;1.48;1.5;1.46;1.48;45016
2018-02-23;1.49;1.54;1.49;1.5;105352
2018-02-26;1.55;1.55;1.49;1.5;28371
2018-02-27;1.5;1.53;1.48;1.48;74291
2018-02-28;1.48;1.51;1.46;1.5;89785
2018-03-01;1.5;1.5;1.43;1.5;91738
2018-03-02;1.5;1.5;1.45;1.48;131756
2018-03-05;1.47;1.52;1.47;1.5;84447
2018-03-06;1.5;1.52;1.47;1.5;41420
2018-03-07;1.51;1.53;1.49;1.53;66716
2018-03-08;1.55;1.64;1.53;1.59;256034
2018-03-09;1.62;1.64;1.57;1.62;66677
2018-03-12;1.62;1.65;1.6;1.6;138981
2018-03-13;1.61;1.63;1.57;1.58;52280
2018-03-14;1.56;1.56;1.51;1.55;92313
2018-03-15;1.53;1.55;1.53;1.53;33142
2018-03-16;1.51;1.55;1.51;1.54;10590
2018-03-19;1.54;1.54;1.52;1.53;17639
2018-03-20;1.53;1.53;1.51;1.53;25400
2018-03-21;1.51;1.55;1.48;1.54;53314
2018-03-22;1.53;1.54;1.49;1.52;54331
2018-03-23;1.5;1.5;1.46;1.5;57548
2018-03-26;1.5;1.53;1.46;1.5;79037
2018-03-27;1.51;1.52;1.46;1.5;43469
2018-03-28;1.51;1.51;1.41;1.46;105686
2018-03-29;1.49;1.49;1.36;1.44;134710
2018-04-03;1.43;1.43;1.37;1.42;46012
2018-04-04;1.4;1.4;1.32;1.4;85706
2018-04-05;1.35;1.39;1.35;1.39;55632
2018-04-06;1.38;1.38;1.36;1.36;13394
2018-04-09;1.33;1.4;1.33;1.38;57940
2018-04-10;1.38;1.43;1.33;1.43;67920
2018-04-11;1.43;1.43;1.39;1.4;80322
2018-04-12;1.4;1.42;1.33;1.39;45370
2018-04-13;1.36;1.38;1.36;1.38;17365
2018-04-16;1.4;1.4;1.33;1.35;64316
2018-04-17;1.38;1.4;1.35;1.39;84106
2018-04-18;1.39;1.42;1.36;1.36;55119
2018-04-19;1.38;1.39;1.35;1.39;23570
2018-04-20;1.43;1.46;1.39;1.4;160100
2018-04-23;1.41;1.41;1.35;1.39;114488
2018-04-24;1.39;1.42;1.35;1.39;101346
2018-04-25;1.35;1.41;1.27;1.3;157474
2018-04-26;1.27;1.35;1.27;1.34;25342
2018-04-27;1.33;1.34;1.3;1.34;12467
2018-04-30;1.33;1.33;1.24;1.24;149819
2018-05-02;1.22;1.22;1.15;1.19;160492
2018-05-04;1.19;1.2;1.17;1.2;20649
2018-05-07;1.2;1.23;1.19;1.21;23003
2018-05-08;1.21;1.23;1.19;1.22;32177
2018-05-09;1.22;1.3;1.19;1.26;84429
2018-05-10;1.25;1.29;1.23;1.26;22613
2018-05-11;1.29;1.29;1.2;1.27;35361
2018-05-14;1.27;1.33;1.25;1.28;34494
2018-05-15;1.27;1.31;1.22;1.27;49608
2018-05-16;1.31;1.31;1.25;1.3;22887
2018-05-17;1.27;1.3;1.25;1.29;37924
2018-05-18;1.27;1.29;1.23;1.29;34701
2018-05-21;1.29;1.29;1.23;1.28;24527
2018-05-22;1.25;1.28;1.2;1.28;38654
2018-05-23;1.25;1.27;1.23;1.27;18623
2018-05-24;1.25;1.3;1.25;1.28;5071
2018-05-25;1.27;1.27;1.19;1.21;42722
2018-05-28;1.21;1.25;1.2;1.21;14567
2018-05-29;1.18;1.22;1.18;1.22;9082
2018-05-30;1.2;1.2;1.1;1.15;33692
2018-06-01;1.15;1.22;1.11;1.18;40820
2018-06-04;1.18;1.18;1.16;1.18;12
2018-06-05;1.18;1.2;1.18;1.19;9501
2018-06-06;1.19;1.19;1.13;1.18;30085
2018-06-07;1.16;1.2;1.16;1.16;24547
2018-06-08;1.17;1.18;1.16;1.18;5410
2018-06-11;1.16;1.18;1.16;1.18;3498
2018-06-12;1.18;1.18;1.16;1.16;16772
2018-06-13;1.15;1.2;1.15;1.2;15373
2018-06-14;1.16;1.24;1.15;1.19;14544
2018-06-15;1.16;1.23;1.14;1.16;23633
2018-06-18;1.19;1.19;1.1;1.16;35404
2018-06-19;1.1;1.15;1.1;1.13;20872
2018-06-20;1.13;1.15;1.1;1.12;56650
2018-06-21;1.12;1.13;1.08;1.1;54285
2018-06-22;1.08;1.09;1.05;1.08;64420
2018-06-25;1.08;1.08;1;1.03;115750
2018-06-26;1.05;1.08;1.05;1.07;27520
2018-06-27;1.07;1.07;1.05;1.07;10971
2018-06-28;1.06;1.06;1.05;1.06;2652
2018-06-29;1.07;1.08;1.06;1.08;2915
2018-07-02;1.07;1.07;1.04;1.06;20954
2018-07-03;1.07;1.07;1.05;1.06;20997
2018-07-04;1.05;1.07;1.05;1.07;4078
2018-07-05;1.07;1.07;1.06;1.07;5518
2018-07-06;1.08;1.08;1.03;1.07;34717
2018-07-09;1.08;1.08;1.04;1.08;1044806
2018-07-10;1.09;1.14;1.09;1.12;49789
2018-07-11;1.14;1.14;1.09;1.1;21132
2018-07-12;1.09;1.09;1.08;1.09;4178
2018-07-13;1.08;1.09;1.06;1.09;2650
2018-07-16;1.07;1.08;1.05;1.05;13873
2018-07-17;1.05;1.07;1.04;1.07;47274
2018-07-18;1.07;1.07;1.06;1.06;8411
2018-07-19;1.06;1.07;1.06;1.06;14692
2018-07-20;1.07;1.11;1.05;1.06;50695
2018-07-23;1.05;1.12;1.03;1.11;350871
2018-07-24;1.12;1.17;1.12;1.12;47119
2018-07-25;1.1;1.13;1.08;1.13;17031
2018-07-26;1.12;1.17;1.12;1.16;89510
2018-07-27;1.16;1.16;1.15;1.15;19219
2018-07-30;1.15;1.15;1.11;1.15;13587
2018-07-31;1.11;1.15;1.11;1.15;2511
2018-08-01;1.12;1.14;1.1;1.14;32317
2018-08-02;1.12;1.21;1.12;1.2;128712
2018-08-03;1.21;1.27;1.2;1.25;100113
2018-08-06;1.25;1.25;1.2;1.2;40976
2018-08-07;1.18;1.25;1.18;1.24;25560
2018-08-08;1.2;1.25;1.2;1.24;13192
2018-08-09;1.2;1.22;1.19;1.2;14626
2018-08-10;1.2;1.2;1.18;1.18;21818
2018-08-13;1.19;1.19;1.15;1.18;34585
2018-08-14;1.25;1.28;1.2;1.23;75733
2018-08-16;1.22;1.26;1.21;1.26;40168
2018-08-17;1.26;1.27;1.25;1.26;61391
2018-08-20;1.28;1.28;1.23;1.26;11591
2018-08-21;1.26;1.26;1.23;1.26;30784
2018-08-22;1.26;1.32;1.25;1.27;82889
2018-08-23;1.27;1.27;1.25;1.27;5215
2018-08-24;1.29;1.3;1.27;1.27;7116
2018-08-27;1.26;1.26;1.23;1.23;17774
2018-08-28;1.24;1.28;1.24;1.28;19000
2018-08-29;1.25;1.25;1.25;1.25;10
2018-08-30;1.25;1.25;1.23;1.25;10829
2018-08-31;1.23;1.23;1.15;1.2;58221
2018-09-03;1.17;1.2;1.17;1.2;6013
2018-09-04;1.18;1.19;1.17;1.19;30207
2018-09-05;1.2;1.22;1.18;1.19;43560
2018-09-06;1.19;1.2;1.15;1.2;14807
2018-09-07;1.19;1.19;1.15;1.17;22801
2018-09-10;1.17;1.17;1.12;1.14;5331
2018-09-11;1.14;1.14;1.1;1.14;52130
2018-09-12;1.11;1.12;1.1;1.12;115843
2018-09-13;1.14;1.14;1.1;1.14;5743
2018-09-14;1.11;1.13;1.07;1.08;27496
2018-09-17;1.09;1.11;1.08;1.11;7900
2018-09-18;1.12;1.12;1.11;1.12;6200
2018-09-19;1.11;1.14;1.11;1.14;26500
2018-09-20;1.14;1.16;1.12;1.16;70026
2018-09-21;1.13;1.17;1.11;1.12;16553
2018-09-24;1.12;1.14;1.1;1.12;1531
2018-09-25;1.12;1.15;1.12;1.12;11610
2018-09-26;1.1;1.11;1.1;1.1;82616
2018-09-27;1.1;1.13;1.09;1.13;3653
2018-09-28;1.1;1.12;1.1;1.12;17911
2018-10-01;1.1;1.1;1.09;1.09;5000
2018-10-02;1.09;1.11;1.07;1.11;140067
2018-10-03;1.15;1.2;1.11;1.12;201757
2018-10-04;1.12;1.17;1.11;1.14;528454
2018-10-05;1.12;1.15;1.11;1.13;7664
2018-10-08;1.15;1.16;1.13;1.15;20298
2018-10-09;1.15;1.2;1.14;1.19;18996
2018-10-10;1.15;1.18;1.14;1.16;21721
2018-10-11;1.14;1.15;1.12;1.15;26330
2018-10-12;1.12;1.15;1.12;1.15;16102
2018-10-15;1.12;1.17;1.12;1.17;14926
2018-10-16;1.17;1.18;1.15;1.17;9153
2018-10-17;1.18;1.22;1.17;1.2;79049
2018-10-18;1.17;1.2;1.17;1.2;6112
2018-10-19;1.2;1.2;1.15;1.2;28269
2018-10-22;1.18;1.21;1.12;1.13;56233
2018-10-23;1.14;1.15;1.12;1.15;17010
2018-10-24;1.16;1.16;1.16;1.16;36
2018-10-25;1.12;1.13;1.12;1.13;38268
2018-10-26;1.13;1.19;1.13;1.16;144868
2018-10-29;1.19;1.19;1.12;1.16;30696
2018-10-30;1.13;1.15;1.11;1.15;33146
2018-10-31;1.13;1.14;1.12;1.14;17266
2018-11-02;1.15;1.15;1.14;1.14;3199
2018-11-05;1.15;1.15;1.07;1.14;98963
2018-11-06;1.11;1.13;1.1;1.13;4252
2018-11-07;1.12;1.12;1.09;1.11;7197
2018-11-08;1.12;1.13;1.08;1.1;116155
2018-11-09;1.07;1.12;1.07;1.07;201771
2018-11-13;1.09;1.09;1.07;1.07;11719
2018-11-14;1.09;1.09;1.07;1.09;11277
2018-11-15;1.07;1.11;1.07;1.08;10786
2018-11-16;1.09;1.1;1.03;1.09;20539
2018-11-19;1.09;1.09;1.06;1.09;15700
2018-11-20;1.08;1.09;1.08;1.08;12800
2018-11-21;1.05;1.08;1.04;1.07;32730
2018-11-22;1.04;1.07;1.02;1.04;18383
2018-11-23;1.02;1.07;1.02;1.04;16799
2018-11-26;1.02;1.05;1.02;1.05;4359
2018-11-27;1.05;1.07;1.05;1.06;18027
2018-11-28;1.06;1.06;1.05;1.06;1643
2018-11-29;1.03;1.08;1.03;1.08;23716
2018-11-30;1.08;1.09;1.08;1.09;2365
2018-12-03;1.09;1.11;1.09;1.11;1133
2018-12-04;1.06;1.1;1.06;1.09;11131
2018-12-05;1.06;1.08;1.06;1.07;1123
2018-12-06;1.07;1.09;1.05;1.06;4803
2018-12-07;1.02;1.04;0.95;0.95;116581
2018-12-10;0.95;0.98;0.93;0.98;70835
2018-12-11;0.98;1;0.98;0.98;17970
2018-12-12;0.98;0.99;0.95;0.98;1584
2018-12-13;1;1;0.95;0.97;26635
2018-12-14;0.95;0.97;0.92;0.94;27705
2018-12-17;0.94;0.95;0.86;0.92;86946
2018-12-18;0.89;0.92;0.88;0.92;7350
2018-12-19;0.93;1;0.92;0.95;54421
2018-12-20;0.86;1;0.86;1;62983
2018-12-21;1.04;1.04;0.97;1.03;124395
2018-12-27;1.05;1.06;1.04;1.06;42162
2018-12-28;1.1;1.13;1.05;1.05;116963
2019-01-02;1.09;1.09;1.05;1.08;1041
2019-01-03;1.08;1.08;1.02;1.07;16734
2019-01-04;1.02;1.05;1.02;1.05;5301
2019-01-07;1.05;1.05;1.02;1.05;615
2019-01-08;1.04;1.05;1.03;1.03;929
2019-01-09;1.05;1.05;1;1.03;44016
2019-01-10;1.04;1.05;1.01;1.04;31100
2019-01-11;1.02;1.04;1;1.04;49142
2019-01-14;1.05;1.05;1.01;1.05;4126
2019-01-15;1.01;1.04;1.01;1.03;5430
2019-01-16;1.03;1.05;1;1.05;20988
2019-01-17;1.02;1.05;0.98;1.03;32797
2019-01-18;1;1.02;0.95;0.96;66467
2019-01-21;0.93;0.96;0.91;0.95;42880
2019-01-22;0.92;0.95;0.92;0.95;17216
2019-01-23;0.92;0.95;0.89;0.93;85477
2019-01-24;0.93;0.94;0.9;0.94;15558
2019-01-25;0.94;0.98;0.93;0.95;55865
2019-01-28;0.94;0.94;0.93;0.93;93408
2019-01-29;0.92;0.94;0.91;0.94;5094
2019-01-30;0.94;0.94;0.91;0.94;31385
2019-01-31;0.95;0.95;0.89;0.94;49899
2019-02-01;0.9;0.93;0.9;0.93;18651
2019-02-04;0.92;0.93;0.9;0.9;41700
2019-02-05;0.9;0.92;0.9;0.91;46659
2019-02-06;0.9;0.92;0.9;0.92;11891
2019-02-07;0.89;0.91;0.89;0.91;23004
2019-02-08;0.91;0.91;0.9;0.91;8458
2019-02-11;0.9;0.92;0.89;0.92;8570
2019-02-12;0.9;0.92;0.89;0.92;11101
2019-02-13;0.92;0.92;0.9;0.92;15121
2019-02-15;0.84;0.89;0.84;0.89;70970
2019-02-18;0.89;0.89;0.87;0.88;5801
2019-02-19;0.88;0.89;0.85;0.89;46583
2019-02-20;0.88;0.88;0.87;0.88;35600
2019-02-21;0.88;0.88;0.85;0.88;31089
2019-02-22;0.87;0.87;0.85;0.87;17195
2019-02-25;0.88;0.88;0.85;0.87;6608
2019-02-26;0.87;0.87;0.84;0.87;20878
2019-02-27;0.86;0.86;0.81;0.85;17981
2019-02-28;0.83;0.84;0.83;0.84;15555
2019-03-01;0.83;0.84;0.83;0.84;25921
2019-03-04;0.85;0.85;0.832;0.84;13005
2019-03-05;0.821;0.848;0.821;0.83;4248
2019-03-06;0.848;0.848;0.832;0.839;10209
2019-03-07;0.84;0.85;0.84;0.84;27834
2019-03-08;0.84;0.85;0.84;0.85;47726
2019-03-11;0.85;0.85;0.825;0.85;23001
2019-03-12;0.85;0.85;0.84;0.85;30920
2019-03-13;0.85;0.9;0.85;0.85;72363
2019-03-14;0.86;1.03;0.85;0.88;634534
2019-03-15;0.88;0.957;0.88;0.95;248847
2019-03-18;0.95;0.95;0.9;0.916;162276
2019-03-19;0.916;0.92;0.86;0.88;83543
2019-03-20;0.9;0.906;0.85;0.85;120251
2019-03-21;0.842;0.9;0.842;0.852;78138
2019-03-22;0.887;0.887;0.86;0.88;3635
2019-03-25;0.86;0.88;0.85;0.87;18393
2019-03-26;0.85;0.89;0.85;0.89;171153
2019-03-27;0.889;0.89;0.85;0.877;33711
2019-03-28;0.853;0.86;0.84;0.86;75833
2019-03-29;0.876;0.876;0.841;0.842;25527
2019-04-01;0.842;0.86;0.84;0.85;15654
2019-04-02;0.8;0.84;0.78;0.84;134222
2019-04-03;0.84;0.86;0.84;0.84;79018
2019-04-04;0.84;0.84;0.8;0.838;57505
2019-04-05;0.822;0.836;0.82;0.836;9730
2019-04-08;0.83;0.83;0.82;0.82;12181
2019-04-09;0.82;0.83;0.8;0.83;30237
2019-04-10;0.83;0.83;0.8;0.816;32525
2019-04-11;0.82;0.828;0.816;0.828;5425
2019-04-12;0.83;0.84;0.83;0.84;6082
2019-04-15;0.84;0.85;0.806;0.806;109386
2019-04-16;0.818;0.818;0.8;0.8;32794
2019-04-17;0.8;0.808;0.78;0.79;22172
2019-04-18;0.79;0.8;0.78;0.798;11101
2019-04-23;0.798;0.798;0.79;0.79;19634
2019-04-24;0.798;0.81;0.78;0.8;48200
2019-04-25;0.79;0.79;0.78;0.78;24591
2019-04-26;0.794;0.794;0.73;0.77;21242
2019-04-29;0.76;0.77;0.76;0.77;31146
2019-04-30;0.78;0.81;0.74;0.79;40904
2019-05-02;0.798;0.81;0.798;0.81;13787
2019-05-06;0.78;0.838;0.78;0.838;12503
2019-05-07;0.828;0.848;0.8;0.8;23628
2019-05-08;0.824;0.824;0.8;0.822;7349
2019-05-09;0.8;0.88;0.8;0.84;154694
2019-05-10;0.88;0.88;0.84;0.86;31433
2019-05-13;0.85;0.85;0.81;0.85;183602
2019-05-14;0.848;0.848;0.83;0.83;8023
2019-05-15;0.83;0.83;0.78;0.828;21235
2019-05-16;0.828;0.828;0.79;0.82;14200
2019-05-17;0.8;0.82;0.792;0.8;8093
2019-05-20;0.8;0.83;0.8;0.82;101111
2019-05-21;0.8;0.8;0.786;0.792;39466
2019-05-22;0.784;0.792;0.72;0.73;60660
2019-05-23;0.706;0.818;0.706;0.8;29669
2019-05-24;0.8;0.83;0.8;0.83;10509
2019-05-27;0.828;0.828;0.828;0.828;10
2019-05-28;0.78;0.82;0.78;0.82;5569
2019-05-29;0.81;0.82;0.78;0.81;3159
2019-05-30;0.782;0.798;0.782;0.798;3200
2019-05-31;0.82;0.85;0.802;0.802;67966
2019-06-03;0.8;0.838;0.8;0.838;1763
2019-06-04;0.8;0.81;0.782;0.8;2468
2019-06-05;0.782;0.8;0.78;0.8;10201
2019-06-06;0.8;0.8;0.8;0.8;3200
2019-06-07;0.794;0.8;0.75;0.798;26969
2019-06-10;0.78;0.8;0.762;0.8;29612
2019-06-11;0.77;1.06;0.75;1.06;993399
2019-06-12;1.04;1.05;0.914;0.916;822120
2019-06-13;0.944;1;0.92;0.94;249731
2019-06-14;0.95;0.978;0.95;0.97;45433
2019-06-17;1;1;0.954;0.97;95826
2019-06-18;0.97;1.04;0.97;1.035;156444
2019-06-19;1.02;1.1;0.99;1;347635
2019-06-21;1;1.04;1;1;30917
2019-06-24;1.02;1.045;0.99;1.035;73303
2019-06-25;1.035;1.045;1;1.045;43328
2019-06-26;1.045;1.055;1;1.01;62035
2019-06-27;1.025;1.04;0.97;1.03;57940
2019-06-28;1.03;1.04;0.99;1.03;56075
2019-07-01;1.03;1.04;1;1;42361
2019-07-02;0.992;1.015;0.98;1.01;22550
2019-07-03;1;1.01;0.972;0.972;19086
2019-07-04;0.98;0.992;0.95;0.964;24034
2019-07-05;0.96;1;0.96;1;29107
2019-07-08;1;1;0.964;0.99;14627
2019-07-09;1;1;0.966;0.98;11306
2019-07-10;0.98;0.988;0.95;0.97;40821
2019-07-11;0.974;0.974;0.952;0.97;7445
2019-07-12;0.95;1.005;0.95;1;174017
2019-07-15;1.01;1.01;1;1;468
2019-07-16;1;1.025;0.98;1;40813
2019-07-17;1.01;1.01;0.968;0.97;18395
2019-07-18;0.99;0.99;0.97;0.98;2276
2019-07-19;0.984;0.998;0.964;0.984;12860
2019-07-22;0.99;1;0.968;0.99;11440
2019-07-23;0.98;0.996;0.964;0.988;5972
2019-07-24;0.99;0.99;0.964;0.988;2158
2019-07-25;0.998;0.998;0.96;0.978;29467
2019-07-26;0.962;0.98;0.95;0.95;55987
2019-07-29;0.95;0.972;0.95;0.962;33127
2019-07-30;0.95;0.986;0.95;0.978;12395
2019-07-31;0.984;0.984;0.984;0.984;215
2019-08-01;0.952;0.99;0.93;0.99;97370
2019-08-02;0.99;0.99;0.962;0.98;7744
2019-08-05;0.978;0.98;0.94;0.974;42363
2019-08-06;0.978;0.978;0.95;0.95;18795
2019-08-07;0.978;0.978;0.9;0.958;24500
2019-08-08;0.952;0.968;0.91;0.968;5650
2019-08-09;0.968;0.968;0.922;0.95;6737
2019-08-12;0.968;0.968;0.936;0.95;32096
2019-08-13;0.96;0.96;0.938;0.958;2045
2019-08-14;0.968;0.968;0.938;0.958;3743
2019-08-16;0.96;0.96;0.94;0.958;10915
2019-08-19;0.938;0.988;0.936;0.982;63672
2019-08-20;0.986;1.02;0.96;1.01;27131
2019-08-21;0.972;1;0.972;0.998;3027
2019-08-22;0.972;0.998;0.94;0.99;13260
2019-08-23;0.986;1;0.98;0.998;18720
2019-08-26;1;1.03;0.98;1.01;19033
2019-08-27;1.02;1.02;0.99;1.01;24457
2019-08-28;1.01;1.01;0.984;1;17665
2019-08-29;1;1.01;0.984;1;5673
2019-08-30;1;1.015;0.982;1;24742
2019-09-02;0.99;1;0.98;0.99;29686
2019-09-03;0.992;0.992;0.98;0.98;12138
2019-09-04;0.98;0.98;0.97;0.978;19006
2019-09-05;0.98;0.98;0.978;0.98;2052
2019-09-06;0.98;0.98;0.95;0.952;14781
2019-09-09;0.98;0.99;0.98;0.99;14655
2019-09-10;0.98;0.98;0.96;0.98;2915
2019-09-11;0.96;0.97;0.96;0.96;3400
2019-09-12;0.96;0.98;0.94;0.98;26604
2019-09-13;0.98;0.98;0.98;0.98;200
2019-09-16;0.942;0.98;0.942;0.98;12300
2019-09-17;0.95;0.98;0.95;0.976;3693
2019-09-18;0.95;0.97;0.95;0.97;5449
2019-09-19;0.96;0.968;0.9;0.93;58674
2019-09-20;0.92;0.946;0.89;0.936;24266
2019-09-23;0.936;0.948;0.902;0.948;25722
2019-09-24;0.95;0.95;0.946;0.95;32300
2019-09-25;0.924;1;0.924;0.95;218717
2019-09-26;0.948;0.98;0.94;0.974;27820
2019-09-27;0.978;0.978;0.95;0.968;10134
2019-09-30;0.968;0.978;0.93;0.94;36194
2019-10-01;0.932;0.95;0.91;0.95;28722
2019-10-02;0.916;0.948;0.91;0.94;6168
2019-10-03;0.92;0.96;0.904;0.93;57975
2019-10-04;0.964;0.99;0.964;0.988;59875
2019-10-07;0.99;0.99;0.97;0.97;37660
2019-10-08;0.986;0.986;0.916;0.968;16857
2019-10-09;0.94;0.98;0.94;0.978;16670
2019-10-10;0.978;0.98;0.942;0.97;22327
2019-10-11;0.978;0.978;0.96;0.978;37450
2019-10-14;0.98;0.998;0.976;0.978;23284
2019-10-15;0.99;0.99;0.96;0.98;32180
2019-10-16;0.962;0.98;0.962;0.978;989
2019-10-17;0.962;0.98;0.962;0.972;15735
2019-10-18;0.97;0.98;0.96;0.98;2058
2019-10-21;0.97;0.98;0.96;0.98;10802
2019-10-22;0.98;0.98;0.966;0.966;6180
2019-10-23;0.966;0.966;0.966;0.966;2200
2019-10-24;0.966;0.97;0.956;0.97;3779
2019-10-25;0.968;0.97;0.952;0.97;22746
2019-10-28;0.954;0.98;0.952;0.952;19257
2019-10-29;0.952;0.978;0.952;0.978;24150
2019-10-30;0.978;0.978;0.954;0.97;6780
2019-10-31;0.968;0.97;0.922;0.968;43155
2019-11-04;0.958;0.976;0.944;0.976;23312
2019-11-05;1.015;1.08;1.01;1.055;268897
2019-11-06;1.05;1.05;1.03;1.045;10954
2019-11-07;1.05;1.05;1.03;1.045;41513
2019-11-08;1.04;1.05;1.03;1.05;77230
2019-11-12;1.03;1.06;1.03;1.06;65623
2019-11-13;1.1;1.12;1.01;1.025;160165
2019-11-14;1;1;0.97;0.98;54865
2019-11-15;1;1;0.97;0.99;18822
2019-11-18;0.98;0.982;0.95;0.974;38598
2019-11-19;0.954;0.974;0.954;0.974;2150
2019-11-20;0.974;0.974;0.96;0.974;715
2019-11-21;0.96;0.974;0.96;0.974;2798
2019-11-22;0.954;0.974;0.954;0.974;1800
2019-11-25;0.974;0.978;0.956;0.978;783
2019-11-26;0.978;0.978;0.978;0.978;550
2019-11-27;0.966;0.97;0.96;0.97;8695
2019-11-28;0.96;0.978;0.954;0.978;8431
2019-11-29;0.96;0.978;0.96;0.978;675
2019-12-02;0.98;0.98;0.95;0.97;48940
2019-12-03;0.97;0.97;0.95;0.97;27587
2019-12-04;0.952;0.97;0.952;0.97;14655
2019-12-05;0.97;0.97;0.946;0.97;31010
2019-12-06;0.97;0.97;0.94;0.968;7175
2019-12-09;0.94;0.974;0.94;0.974;970
2019-12-11;0.96;0.97;0.94;0.97;2510
2019-12-12;0.946;0.98;0.94;0.98;20015
2019-12-13;0.94;0.988;0.94;0.98;29500
2019-12-16;0.97;0.97;0.97;0.97;1040
2019-12-17;0.97;1.08;0.97;1.055;226135
2019-12-18;1.045;1.05;1;1.03;24815
2019-12-19;1.005;1.06;1;1.04;199860
2019-12-20;1.04;1.07;1.035;1.06;116579
2019-12-23;1.06;1.135;1.03;1.1;525111
2019-12-27;1.095;1.12;1.08;1.08;94909
2019-12-30;1.075;1.095;1.03;1.05;178899
2020-01-02;1.075;1.075;1.02;1.05;119256
2020-01-03;1.05;1.09;1;1.03;445952
2020-01-07;1.02;1.03;1;1;90434
2020-01-08;1.01;1.04;1;1.015;66097
2020-01-09;1.035;1.05;1.03;1.05;66277
2020-01-10;1.06;1.06;1.04;1.05;111598
2020-01-13;1.03;1.045;1.03;1.045;9257
2020-01-14;1.035;1.05;1.02;1.03;36858
2020-01-15;1.03;1.04;1;1.03;42946
2020-01-16;1.005;1.04;1.005;1.04;31120
2020-01-17;1.04;1.06;1.03;1.05;64268
2020-01-20;1.04;1.05;1.025;1.045;34831
2020-01-21;1.045;1.08;1.03;1.075;176776
2020-01-22;1.08;1.165;1.065;1.065;561608
2020-01-23;1.075;1.12;1.06;1.07;440588
2020-01-24;1.1;1.13;1.09;1.125;109450
2020-01-27;1.08;1.125;1.08;1.09;79454
2020-01-28;1.1;1.16;1.1;1.135;305463
2020-01-29;1.155;1.155;1.125;1.14;148993
2020-01-30;1.15;1.185;1.105;1.18;154261
2020-01-31;1.195;1.3;1.195;1.25;1188992
2020-02-03;1.25;1.27;1.16;1.17;347507
2020-02-04;1.17;1.17;1.12;1.145;263574
2020-02-05;1.15;1.15;1.08;1.115;510934
2020-02-06;1.13;1.14;1.085;1.115;134558
2020-02-07;1.125;1.125;1.07;1.1;194344
2020-02-10;1.1;1.115;1.08;1.1;32811
2020-02-11;1.09;1.1;1.06;1.09;50443
2020-02-12;1.1;1.115;1.085;1.095;45178
2020-02-13;1.11;1.14;1.08;1.11;98623
2020-02-14;1.115;1.115;1.085;1.105;27152
2020-02-17;1.08;1.115;1.08;1.1;135754
2020-02-18;1.095;1.095;1.05;1.06;43719
2020-02-19;1.06;1.1;1.06;1.1;218086
2020-02-20;1.1;1.15;1.1;1.115;286114
2020-02-21;1.075;1.105;1.07;1.08;4881
2020-02-24;1.095;1.095;1.01;1.045;94502
2020-02-25;1.035;1.045;1.005;1.015;116580
2020-02-26;1.035;1.045;1;1.03;92710
2020-02-27;1.03;1.23;1.01;1.165;1973087
2020-02-28;1.35;1.47;1.25;1.335;6038966
2020-03-02;1.335;1.34;1.11;1.18;1309251
2020-03-03;1.145;1.255;1.13;1.195;887288
2020-03-04;1.26;1.33;1.195;1.27;863998
2020-03-05;1.275;1.29;1.22;1.24;179600
2020-03-06;1.24;1.24;1.12;1.13;586588
2020-03-09;1.09;1.09;0.802;0.87;1649585
2020-03-10;0.87;0.944;0.834;0.87;612516
2020-03-11;0.88;0.88;0.77;0.786;603231
2020-03-12;0.69;0.73;0.56;0.58;1061767
2020-03-13;0.63;0.678;0.58;0.58;681463
2020-03-16;0.586;0.75;0.586;0.75;431897
2020-03-17;0.81;1.05;0.81;1.035;2375577
2020-03-18;1.15;1.17;0.93;0.93;1541665
2020-03-19;0.998;1.03;0.97;1;1491551
2020-03-20;1.08;1.185;1;1.03;1346909
2020-03-23;1.03;1.05;0.93;0.996;398475
2020-03-24;1.03;1.03;0.94;0.958;453032
2020-03-25;1.01;1.11;0.98;1.01;1547907
2020-03-26;0.98;1.1;0.98;1.05;1164929
2020-03-27;1.07;1.145;1.045;1.09;1257335
2020-03-30;1.3;1.8;1.21;1.8;9399155
2020-03-31;1.94;2.49;1.9;2.06;14295250
2020-04-01;2.18;2.25;2.06;2.23;4517521
2020-04-02;2.23;2.95;2.14;2.83;8754687
2020-04-03;3;4.5;3;4.25;5662423
2020-04-06;6.5;6.5;4.76;5;7864646
2020-04-07;5.1;5.4;3.33;3.4;9125925
2020-04-08;3.13;4.1;2.64;3.4;9752784
2020-04-09;4.08;4.18;3.18;3.49;5938679
2020-04-14;3.3;3.45;2.61;2.69;5810614
2020-04-15;2.58;3.8;2.41;3.8;8480412
2020-04-16;3.39;3.72;3.14;3.38;9364088
2020-04-17;3.42;3.56;3.08;3.22;4195893
2020-04-20;3.3;3.3;2.86;2.92;3116194
2020-04-21;2.86;3.4;2.73;3.25;6331644
2020-04-22;3.2;3.37;3.02;3.1;2822310
2020-04-23;3.09;3.34;2.96;3.12;3577748
2020-04-24;3.18;3.35;3.1;3.27;3196222
2020-04-27;3.32;3.33;3.16;3.21;1624988
2020-04-28;3.19;3.99;2.93;3.8;7482764
2020-04-29;3.8;4.16;3.55;3.6;7174068
2020-04-30;3.55;3.61;3.23;3.36;2717760
2020-05-04;3.36;3.53;3.28;3.45;1205056
2020-05-05;3.47;3.89;3.41;3.6;4535036
2020-05-06;3.71;4.14;3.7;4.1;7681237
2020-05-07;4.26;4.45;3.88;4.08;4997541
2020-05-08;4.08;4.2;3.9;4.15;1678453
2020-05-11;4.39;4.4;4;4;1704798
2020-05-12;3.86;3.89;3.62;3.74;2622082
2020-05-13;3.72;3.85;3.53;3.56;1632056
2020-05-14;3.57;3.82;3.5;3.57;2081895
2020-05-15;3.69;3.8;3.63;3.71;1078332
2020-05-18;3.73;3.86;3.65;3.82;750165
2020-05-19;3.81;3.81;3.67;3.69;544362
2020-05-20;3.6;3.62;3.44;3.6;1518568
2020-05-21;3.6;3.6;3.52;3.55;262402
2020-05-22;3.95;4.07;3.78;3.8;2894805
2020-05-25;4;4.15;3.93;4.05;3399707
2020-05-26;4.06;4.08;3.96;4;886702
2020-05-27;4.03;4.03;3.76;3.79;1310238
2020-05-28;3.78;3.94;3.67;3.92;1057172
2020-05-29;3.92;3.97;3.85;3.92;428092
2020-06-01;3.98;3.99;3.85;3.85;351670
2020-06-02;3.88;3.88;3.75;3.8;338652
2020-06-03;3.8;3.89;3.71;3.85;529023
2020-06-04;3.85;3.85;3.77;3.8;353537
2020-06-05;3.84;3.95;3.8;3.89;603577
2020-06-08;3.93;4.34;3.83;4.24;3224078
2020-06-09;4.16;4.21;4.01;4.01;1227869
2020-06-10;4.01;4.3;3.93;4.21;1230383
2020-06-12;4;4.27;3.92;4.15;880671
2020-06-15;4.09;4.12;3.92;4.03;613801
2020-06-16;4.03;4.2;4;4.13;466042
2020-06-17;4.16;4.45;4.14;4.35;2157753
2020-06-18;4.37;5.08;4.37;4.69;4059771
2020-06-19;4.79;5.38;4.72;5.36;4351514
2020-06-22;5.7;6.1;5.66;5.98;5091929
2020-06-23;6.06;6.08;5.64;5.82;2707012
2020-06-24;5.84;7.32;5.72;7.32;3734945
2020-06-25;7.08;8.54;6.44;7.42;7812995
2020-06-26;7.38;8.36;7.1;7.78;3576335
2020-06-29;7.7;8.18;7.52;7.64;1286027
2020-06-30;7.6;7.6;6.24;6.7;3331078
2020-07-01;6.42;6.94;5.9;6.7;3275581
2020-07-02;6.6;7.46;6.54;7.1;2838062
2020-07-03;7.8;8.12;7.6;7.88;2589540
2020-07-06;8.4;8.68;8.24;8.62;2265326
2020-07-07;8.5;8.54;7.88;8.18;3369836
2020-07-08;7.88;8.16;7.7;8.16;1227321
2020-07-09;8.3;8.96;7.98;8.7;2070071
2020-07-10;8.8;9.54;8.58;9.4;2126977
2020-07-13;9.56;11.2;9.56;10.9;3041534
2020-07-14;11.45;13.7;11.3;12.9;5905472
2020-07-15;11.95;14.35;10.65;11.2;5590899
2020-07-16;11.8;12.8;10.85;12.65;2954742
2020-07-17;12.8;13.15;12.3;12.5;1709599
2020-07-20;12;12.45;11.35;11.8;1857217
2020-07-21;12.3;13.5;11.55;12.3;5756311
2020-07-22;13;13.05;12.05;12.3;1334304
2020-07-23;12.5;12.6;11.7;12.25;1354254
2020-07-24;12.25;15;12.25;14.5;3879754
2020-07-27;15.4;18.2;15.15;18.2;1359666
2020-07-28;21;21.2;20.5;21.2;276169
2020-07-29;23.8;26.8;21.5;22;4033317
2020-07-30;24;24.1;17.05;18.8;4558126
2020-07-31;18.8;24;18.8;24;2658238
2020-08-03;26.1;30;25.2;30;3490434
2020-08-04;29.1;32.8;27.3;28.7;4069594
2020-08-05;29.7;30;27;27.8;1757199
2020-08-06;27.9;28;24.2;25.9;2088052
2020-08-07;23.9;28;18.8;24.2;6152806
2020-08-10;24;25.9;21.6;22.5;1614752
2020-08-11;21.7;22;17.6;17.6;6183787
2020-08-12;17;18.45;13.85;15.1;7348536
2020-08-13;15.6;20;15.25;20;5916360
2020-08-14;22;24.2;20.5;22.2;5113035
2020-08-17;22.4;26.4;21.2;25.6;5394716
2020-08-18;26.9;27.8;20.4;21.9;9047206
2020-08-19;23.3;24.9;21;22.7;4238141
2020-08-20;23;23;19.75;20.3;2928535
2020-08-21;19.6;20.2;17.65;19.25;4354904
2020-08-24;21.5;21.5;19.35;20.8;2617874
2020-08-25;20.3;21.1;19.6;19.6;972083
2020-08-26;19.15;19.45;17.95;18.45;1464249
2020-08-27;18.45;20.9;17.95;20.8;2250965
2020-08-28;21;21.9;19.55;19.9;2275373
2020-08-31;19.9;20.2;18.6;19;890799
2020-09-01;19;19;17.9;17.9;1282103
2020-09-02;18.2;19.3;17.9;19.05;885141
2020-09-03;19.3;19.7;17.85;17.85;1030801
2020-09-04;16.9;17.7;15.25;15.35;3122928
2020-09-07;15.4;16.5;12.55;12.8;5521234
2020-09-08;12.95;13.4;9;10.8;8344515
2020-09-09;10.2;13.9;9.7;13.9;8804898
2020-09-10;15;15;12.15;12.55;9031049
2020-09-11;12.2;12.95;11.5;11.6;3621860
2020-09-14;11.5;12.6;10.7;11.5;2424033
2020-09-15;10.8;12.3;10.5;11.7;2335494
2020-09-16;11.95;12.4;11.65;12.05;1496505
2020-09-17;11.9;12.35;11.5;11.8;902530
2020-09-18;11.8;14.7;11.75;14.7;3219094
2020-09-21;14.6;16.85;13.75;13.8;5729165
2020-09-22;16;16.7;14.6;15.65;4309706
2020-09-23;15.3;24;15.3;21.3;16985437
2020-09-24;21.3;22.4;17.7;18.05;8664960
2020-09-25;17.4;18.25;15.8;16.05;5468257
2020-09-28;15.6;18.15;14.8;16.9;4631211
2020-09-29;17.1;17.8;16.3;16.7;1771367
2020-09-30;16.65;17.25;16.15;16.75;1561447
2020-10-01;16.8;19.55;16.5;17.15;4280599
2020-10-02;17.15;18.55;16.7;17.6;2387160
2020-10-05;18.4;19.45;18.1;18.85;2687439
2020-10-06;19.1;20.8;18.8;19.9;3862538
2020-10-07;19.6;20.4;19.2;19.8;1088342
2020-10-08;20.2;21.3;19.8;20.9;2637413
2020-10-09;21.5;23.6;21;22.1;4497082
2020-10-12;22.3;23.3;20.2;21.2;2931770
2020-10-13;21.3;21.3;18.9;19.2;2417724
2020-10-14;18.9;19;17.3;17.55;2922994
2020-10-15;17.2;21;16.05;20.8;5728697
2020-10-16;21.1;21.7;19.5;19.9;2875737
2020-10-19;19.9;20;18.35;18.9;1393349
2020-10-20;19.4;20.3;18.8;19.4;1121061
2020-10-21;19.6;20.4;19.25;19.5;933605
2020-10-22;19.25;19.7;18.75;19.25;674002
2020-10-23;19.25;19.4;18.15;18.6;817482
2020-10-26;18.2;19.15;17.2;18;1466009
2020-10-27;19.8;20.2;18.15;18.45;1908040
2020-10-28;18.2;18.45;15.2;16.5;2548581
2020-10-29;16.5;17.05;15.35;16.05;1698693
2020-10-30;16.5;16.7;15.3;15.7;1129010
2020-11-02;16;16.7;15.3;16.25;687513
2020-11-03;16.35;17.95;16.05;17.2;1940691
2020-11-04;17.3;18.15;16.6;17.55;1063017
2020-11-05;17.75;18.65;17.35;18.35;1136858
2020-11-06;18.3;18.65;17.95;18.2;679262
2020-11-09;18.5;18.8;13.6;15.8;2638519
2020-11-10;14.3;15.2;12.9;14.25;4224062
2020-11-12;15.25;16.35;15.05;15.6;1566760
2020-11-13;15.6;15.7;14.8;15.25;678080
2020-11-16;16.05;16.25;13.85;14.2;1319160
2020-11-17;14.05;14.25;13.1;13.65;961256
2020-11-18;13.65;15.65;13.4;15.6;1844892
2020-11-19;15.5;15.7;14.55;15.05;993119
2020-11-20;15;15.35;14.4;15.1;636858
2020-11-23;14.5;14.9;14.3;14.6;718227
2020-11-24;14.6;14.85;14.45;14.45;274584
2020-11-25;14.45;14.6;13.6;13.9;635054
2020-11-26;13.8;13.8;12.45;12.6;2150758
2020-11-27;12.4;13.45;11.5;13.3;2593983
2020-11-30;12.85;13.15;10.45;10.9;4894475
2020-12-01;10.95;11.45;10.1;11.1;2648490
2020-12-02;11.25;13.55;11.2;12.8;4442447
2020-12-03;12.9;13.1;11.65;11.9;1417184
2020-12-04;12.1;12.1;11.3;11.45;738815
2020-12-07;11.35;11.5;10.8;10.85;1298709
2020-12-08;10.85;11.45;10.4;11.1;1505771
2020-12-09;11.1;11.1;10.5;10.8;1088003
2020-12-10;10.8;10.8;10.2;10.25;804861
2020-12-11;10.15;11.15;9.5;10.75;2775302
2020-12-14;10.9;10.95;9.9;10.05;1095556
2020-12-15;10.05;10.9;9.8;10.7;1464566
2020-12-16;11.15;11.65;10.8;10.8;1942370
2020-12-17;10.8;11.15;10.4;10.65;1009421
2020-12-18;10.5;10.6;9.9;10.45;1238084
2020-12-21;10.3;10.9;10.1;10.55;1168586
2020-12-22;10.5;10.65;10.15;10.25;692596
2020-12-23;10.25;10.5;9.72;9.76;1275889
2020-12-28;9.5;9.5;7.92;8;7309071
2020-12-29;7.88;8.42;7.58;8.18;1807549
2020-12-30;8.22;9.2;7.92;8.96;3194591
2021-01-04;9.3;9.46;9.06;9.18;1044841
2021-01-05;9.2;10.1;8.82;9.82;1808006
2021-01-07;9.7;10.4;9.46;9.8;1209423
2021-01-08;9.82;10.1;9.5;9.54;790656
2021-01-11;9.84;10.2;9.64;9.82;772959
2021-01-12;9.82;10.5;9.74;9.98;1248465
2021-01-13;9.8;10.05;9.66;9.78;461461
2021-01-14;9.9;9.96;9.8;9.94;314010
2021-01-15;10;10.9;10;10.4;1980748
2021-01-18;10.6;10.75;9.94;10.1;730711
2021-01-19;9.98;9.98;9.22;9.4;1429406
2021-01-20;9.28;9.54;8.76;9.02;856465
2021-01-21;9.1;9.14;8.32;8.42;1447988
2021-01-22;8.5;9.12;8.42;9.04;974284
2021-01-25;9.16;9.3;8.5;8.72;994664
2021-01-26;8.74;8.74;8.32;8.5;651088
2021-01-27;8.48;9.06;8.3;8.74;1238922
2021-01-28;8.8;10.15;8.72;9.34;3246109
2021-01-29;9.44;9.86;8.86;9.1;1197811
2021-02-01;9.12;9.4;8.72;8.96;697688
2021-02-02;9.12;9.16;8.9;8.98;452631
2021-02-03;9.04;9.4;8.92;9.02;626910
2021-02-04;9.1;9.3;8.96;9.04;362894
2021-02-05;9.08;9.2;8.9;8.96;266129
2021-02-08;8.94;9.04;8.6;8.68;551440
2021-02-09;8.7;8.78;8.5;8.54;364840
2021-02-10;8.58;8.66;8.26;8.42;612037
2021-02-11;8.4;9.08;8.22;8.9;1154787
2021-02-12;8.84;8.88;8.4;8.52;507333
2021-02-15;8.6;8.74;8.4;8.5;311310
2021-02-16;8.52;8.64;8.38;8.46;380568
2021-02-17;8.5;9.6;8.42;9.02;3911835
2021-02-18;9.26;9.3;8.6;8.64;879616
2021-02-19;8.64;9.24;8.52;8.92;1016326
2021-02-22;8.98;8.98;8.66;8.74;351745
2021-02-23;8.74;8.88;8.5;8.6;391544
2021-02-24;8.6;8.86;8.6;8.7;221596
2021-02-25;8.86;8.88;8.62;8.64;206138
2021-02-26;8.64;9.14;8.64;8.82;643970
2021-03-01;9.1;9.36;8.92;9.04;828014
2021-03-02;9.08;9.14;8.82;8.9;380792
2021-03-03;8.84;8.96;8.62;8.9;615676
2021-03-04;9.22;9.38;8.9;8.94;1173614
2021-03-05;8.96;9.08;8.64;8.8;594476
2021-03-08;8.96;8.96;8.78;8.84;280336
2021-03-09;8.78;8.92;8.76;8.88;295323
2021-03-10;8.82;12.6;8.82;12.15;10425866
2021-03-11;12.5;13.75;10.8;10.95;9933711
2021-03-12;11.15;12.35;10.9;11.75;4377567
2021-03-15;12.3;14.15;12.05;14.15;6818947
2021-03-16;15.15;18.9;14.85;17.8;14935069
2021-03-17;18.8;20.5;15.6;18.45;13701156
2021-03-18;19.1;19.15;16.8;17.4;4989607
2021-03-19;16.7;17.15;15.35;15.9;4531740
2021-03-22;15.55;18.95;15;18.95;7382156
2021-03-23;18.3;19.2;17.4;17.6;4152519
2021-03-24;17.6;18.45;16.55;16.7;2725293
2021-03-25;16.55;18;16.4;17.8;2370287
2021-03-26;18.2;18.7;17.65;18.15;1815079
2021-03-29;17.6;17.95;17.15;17.2;1088357
2021-03-30;17.4;17.45;16.4;16.8;1072731
2021-03-31;16.8;17.1;15.15;15.15;1888573
2021-04-01;15.445;16.2;14.25;15.15;2345464
2021-04-06;15.3;16.7;15.085;15.67;2001233
2021-04-07;15.775;16.43;14.2;14.38;3479560
2021-04-08;14.54;14.75;14;14.25;1482951
2021-04-09;14.3;14.765;14.2;14.4;650804
2021-04-12;14.5;14.52;14.1;14.1;755310
2021-04-13;13.745;13.995;12.375;12.865;3092330
2021-04-14;12.865;13.245;12.3;12.7;1038422
2021-04-15;12.7;13.2;12.7;12.7;512782
2021-04-16;12.9;13.14;12.76;12.955;299398
2021-04-19;12.955;13.15;12.135;12.44;769023
2021-04-20;12.265;13;11.71;11.85;1782493
2021-04-21;11.89;11.975;11;11;1121885
2021-04-22;11.25;12.1;11.17;11.5;1722744
2021-04-23;11.5;11.7;11.22;11.3;542249
2021-04-26;11.5;11.675;10.505;10.61;897071
2021-04-27;10.5;10.79;9.87;9.928;1703665
2021-04-28;9.9;10.44;9.55;9.602;1846812
2021-04-29;9.622;9.9;9.604;9.8;515253
2021-04-30;9.9;10.17;9.9;10;480249
2021-05-04;10.15;11.7;9.9;11.06;2745603
2021-05-05;11.06;11.14;9.64;9.874;1254531
2021-05-06;9.978;9.978;9.02;9.18;1348369
2021-05-07;9.22;9.64;9.05;9.5;508805
2021-05-10;9.51;10.08;9.328;9.918;572182
2021-05-11;10;10;9.5;9.5;388922
2021-05-12;9.46;9.9;9.42;9.568;337247
2021-05-13;9.74;9.876;9.424;9.82;265945
2021-05-14;9.99;10.58;9.706;10.2;770439
2021-05-17;10.45;10.45;9.75;9.872;485699
2021-05-18;9.85;10.15;9.782;10;283226
2021-05-19;9.864;9.996;9.75;9.82;243448
2021-05-20;9.8;9.95;9.64;9.762;154528
2021-05-21;9.798;10.06;9.702;9.82;163793
2021-05-24;9.854;9.98;9.72;9.77;178123
2021-05-25;9.8;9.934;9.7;9.702;113022
2021-05-26;9.75;9.78;9.64;9.722;148853
2021-05-27;9.72;11.06;9.6;10.7;1426224
2021-05-28;10.1;10.2;9.902;9.96;846885
2021-05-31;9.84;10.3;9.74;9.92;512212
2021-06-01;9.97;9.97;9.7;9.8;244768
2021-06-02;9.88;10.22;9.8;9.9;375009
2021-06-04;9.9;10.15;9.8;10;188836
2021-06-07;10;10.24;9.9;10.025;200205
2021-06-08;10.06;10.19;9.914;9.95;241478
2021-06-09;9.94;10.09;9.86;9.89;245292
2021-06-10;9.86;10.08;9.85;9.88;196151
2021-06-11;9.992;10.025;9.85;9.85;211681
2021-06-14;9.91;9.968;9.82;9.83;146344
2021-06-15;9.85;9.85;9.7;9.7;181306
2021-06-16;9.66;9.778;9.4;9.48;304694
2021-06-17;9.48;10.89;9.38;9.88;1240227
2021-06-18;9.902;10.04;9.88;9.9;213499
2021-06-21;9.998;9.998;9.71;9.74;181646
2021-06-22;9.7;9.768;9.46;9.628;221602
2021-06-23;9.79;10.04;9.46;9.582;430813
2021-06-24;9.51;9.7;9.5;9.57;145301
2021-06-25;9.69;9.77;9.51;9.6;135777
2021-06-28;9.522;9.66;9.51;9.52;170744
2021-06-29;9.52;9.75;9.4;9.5;311033
2021-06-30;9.478;9.56;9.322;9.37;215323
2021-07-01;9.39;9.496;9.352;9.428;115034
2021-07-02;9.498;9.956;9.416;9.84;438942
2021-07-05;9.9;9.9;9.552;9.568;144818
2021-07-06;9.46;9.778;9.46;9.6;136694
2021-07-07;9.61;9.78;9.61;9.7;111648
2021-07-08;9.778;9.778;9.5;9.61;98228
2021-07-09;9.68;10;9.552;9.71;370763
2021-07-12;9.88;9.88;9.55;9.56;151324
2021-07-13;9.56;9.676;9.55;9.6;106563
2021-07-14;9.6;9.6;9.51;9.512;118999
2021-07-15;9.52;9.63;9.504;9.56;108125
2021-07-16;9.56;9.582;9.486;9.49;108192
2021-07-19;9.462;9.622;9.45;9.45;134260
2021-07-20;9.538;9.538;9.3;9.37;187440
2021-07-21;9.4;9.53;9.35;9.37;95483
2021-07-22;9.368;9.4;9.25;9.26;137077
2021-07-23;9.396;9.396;9.232;9.3;88189
2021-07-26;9.35;9.4;9.21;9.22;79825
2021-07-27;9.22;9.316;8.55;8.76;437353
2021-07-28;8.76;8.98;8.65;8.71;137933
2021-07-29;8.71;8.77;8.452;8.47;311076
2021-07-30;8.4;8.46;8.2;8.24;279666
2021-08-02;8.27;8.398;8.1;8.1;182121
2021-08-03;8.102;8.91;7.922;8.314;620473
2021-08-04;8.496;8.506;8.3;8.45;140302
2021-08-05;8.45;8.498;8.27;8.44;167913
2021-08-06;8.38;8.44;8.31;8.398;63306
2021-08-09;8.828;8.848;8.452;8.762;207349
2021-08-10;8.82;8.82;8.53;8.54;91559
2021-08-11;8.778;9.486;8.6;8.98;609588
2021-08-12;9.004;9.68;9.004;9.55;517899
2021-08-13;9.648;9.786;9.32;9.406;245377
2021-08-16;9.5;9.8;9.402;9.402;277760
2021-08-17;9.5;9.53;9.2;9.21;180588
2021-08-18;9.21;9.5;9.06;9.06;144334
2021-08-19;9.038;9.45;9;9.15;126182
2021-08-20;9.2;9.28;9.07;9.198;85153
2021-08-23;9.198;9.38;9.198;9.368;92748
2021-08-24;9.396;9.75;9.396;9.75;329058
2021-08-25;9.8;10.45;9.7;9.88;1183632
2021-08-26;10.08;10.1;9.41;9.5;442923
2021-08-27;9.52;9.8;9.516;9.618;202205
2021-08-30;9.85;9.99;9.63;9.88;244044
2021-08-31;9.9;9.98;9.612;9.976;252013
2021-09-01;10.815;10.9;9.82;9.82;1722536
2021-09-02;9.764;10;9.7;9.818;265102
2021-09-03;9.8;9.92;9.7;9.8;124564
2021-09-06;9.9;9.9;9.7;9.71;166449
2021-09-07;9.76;9.798;9.348;9.39;269918
2021-09-08;9.436;9.646;9.372;9.51;139594
2021-09-09;9.52;9.588;9.35;9.37;122772
2021-09-10;9.45;9.65;9.35;9.64;178251
2021-09-13;9.698;9.784;9.5;9.598;142069
2021-09-14;9.55;9.71;9.48;9.63;197406
2021-09-15;9.628;9.7;9.6;9.69;141952
2021-09-16;9.702;10.115;9.64;9.69;1042377
2021-09-17;9.75;9.88;9.63;9.65;285831
2021-09-20;9.72;9.746;9.37;9.45;327170
2021-09-21;9.5;9.7;9.48;9.52;112593
2021-09-22;9.6;9.64;9.552;9.57;60693
2021-09-23;9.7;9.888;9.51;9.556;224190
2021-09-24;9.6;9.676;9.45;9.55;141484
2021-09-27;9.688;9.688;9.42;9.48;88470
2021-09-28;9.48;9.6;9.4;9.49;130449
2021-09-29;9.43;9.59;9.39;9.562;133068
2021-09-30;9.472;10.295;9.46;9.83;1084223
2021-10-01;9.988;10.385;9.76;9.902;681285
2021-10-04;9.902;9.904;9.53;9.55;277499
2021-10-05;9.552;9.76;9.52;9.56;145965
2021-10-06;9.56;9.68;9.368;9.4;294748
2021-10-07;9.42;9.57;9.398;9.51;146231
2021-10-08;9.53;9.9;9.46;9.878;430536
2021-10-11;9.882;10.36;9.65;10.13;707315
2021-10-12;10.13;10.135;9.64;9.788;357838
2021-10-13;9.8;9.926;9.7;9.758;127535
2021-10-14;9.76;9.8;9.7;9.7;229033
2021-10-15;9.7;9.81;9.5;9.55;197222
2021-10-18;9.6;9.602;9.4;9.43;316339
2021-10-19;9.45;9.55;9.35;9.35;164226
2021-10-20;9.35;9.44;9.17;9.35;225606
2021-10-21;9.202;9.39;8.82;9.08;288275
2021-10-22;9;9.42;8.94;9.318;175466
2021-10-25;9.35;9.45;9.248;9.438;68496
2021-10-26;9.484;9.5;9.28;9.28;63630
2021-10-27;9.2;9.784;9.154;9.43;270453
2021-10-28;9.5;9.628;9.302;9.32;134298
2021-10-29;9.308;9.498;9.306;9.44;102331
2021-11-02;9.4;9.44;9.2;9.248;179743
2021-11-03;9.2;9.25;8.742;9.04;236830
2021-11-04;9.03;9.4;9.03;9.3;152727
2021-11-05;9.28;9.28;8.862;9;281458
2021-11-08;9;9.086;8.75;8.9;243639
2021-11-09;8.9;9.038;8.742;8.764;141837
2021-11-10;8.498;8.498;8.1;8.25;493113
2021-11-12;8;8.398;7.512;8.066;728771
2021-11-15;8.032;8.21;7.906;8;193536
2021-11-16;8;8.05;7.2;7.5;741118
2021-11-17;7.52;8.08;7.5;7.758;449102
2021-11-18;7.758;7.84;7.54;7.57;174722
2021-11-19;7.57;7.68;7.3;7.572;211712
2021-11-22;7.5;7.536;7.1;7.286;300417
2021-11-23;7.252;7.3;6.86;7.03;506212
2021-11-24;7;7;6.444;6.58;831383
2021-11-25;6.55;6.8;5.92;6.5;1714566
2021-11-26;6.56;6.8;6.186;6.65;650024
2021-11-29;4.5;5.7;4.4;4.91;4529673
2021-11-30;4.91;4.91;4.563;4.68;938573
2021-12-01;4.65;4.65;4.401;4.45;957066
2021-12-02;4.45;5.11;4.45;4.95;1691310
2021-12-03;5.05;5.38;4.96;4.989;1386441
2021-12-06;5.06;5.104;4.85;4.9;382685
2021-12-07;4.9;4.933;4.72;4.77;379646
2021-12-08;4.78;4.949;4.7;4.788;211242
2021-12-09;4.74;4.849;4.618;4.648;270219
2021-12-10;4.648;5.09;4.55;4.9;849029
2021-12-13;5;5.09;4.776;4.82;682519
2021-12-14;4.8;4.959;4.68;4.78;394718
2021-12-15;4.75;4.78;4.64;4.64;206467
2021-12-16;4.65;4.7;4.58;4.622;328178
2021-12-17;4.676;4.798;4.65;4.7;491080
2021-12-20;4.711;4.74;4.48;4.49;441942
2021-12-21;4.49;4.537;4.34;4.34;433351
2021-12-22;4.3;4.45;4.152;4.214;507171
2021-12-23;4.2;4.214;3.941;4.02;992185
2021-12-27;4;4.21;3.722;3.75;1176231
2021-12-28;3.81;3.98;3.773;3.92;2108317
2021-12-29;3.97;4.995;3.963;4.94;3265250
2021-12-30;4.93;4.93;4.402;4.44;1382598
2022-01-03;4.489;4.581;4.281;4.47;590043
2022-01-04;4.489;4.578;4.204;4.28;510511
2022-01-05;4.29;4.45;4.2;4.322;477446
2022-01-07;4.35;4.529;4.222;4.3;483470
2022-01-10;4.3;4.398;4.25;4.342;214489
2022-01-11;4.4;4.66;4.399;4.57;633397
2022-01-12;4.619;4.82;4.518;4.72;851679
2022-01-13;4.75;4.767;4.61;4.661;246167
2022-01-14;4.651;4.7;4.552;4.61;152699
2022-01-17;4.629;4.659;4.55;4.64;105851
2022-01-18;4.64;5.614;4.64;4.92;2646307
2022-01-19;4.88;4.898;4.708;4.76;525967
2022-01-20;4.8;4.87;4.658;4.661;322033
2022-01-21;4.65;4.659;4.35;4.48;663532
2022-01-24;4.5;4.58;3.96;4.07;762578
2022-01-25;4.021;4.3;4.021;4.152;344080
2022-01-26;4.121;4.39;4.121;4.248;196608
2022-01-27;4.295;4.295;4.18;4.22;120897
2022-01-28;4.262;4.3;4.18;4.23;119119
2022-01-31;4.3;4.302;4.08;4.16;258673
2022-02-01;4.5;4.651;4.31;4.33;751969
2022-02-02;4.35;4.58;4.33;4.375;440188
2022-02-03;4.38;4.56;4.37;4.42;330998
2022-02-04;4.42;4.473;4.35;4.418;127426
2022-02-07;4.41;4.429;4.22;4.327;126311
2022-02-08;4.31;4.36;4.23;4.23;72431
2022-02-09;4.201;4.439;4.2;4.331;264601
2022-02-10;4.3;4.344;4.179;4.24;187942
2022-02-11;4.239;4.239;4.101;4.19;153984
2022-02-14;4;4.099;3.85;3.89;490913
2022-02-15;3.899;4.198;3.899;4.04;430726
2022-02-16;4;4.249;4;4.072;314385
2022-02-17;4.086;4.12;3.802;3.97;326962
2022-02-18;3.97;4.05;3.93;4.01;184102
2022-02-21;3.983;4.04;3.774;3.8;303214
2022-02-22;3.68;3.845;3.61;3.82;259291
2022-02-23;3.819;3.889;3.72;3.729;144548
2022-02-24;3.4;3.439;2.913;3.089;1167087
2022-02-25;3.1;3.38;3.1;3.3;556955
2022-02-28;3.22;3.516;3.138;3.42;302797
2022-03-01;3.401;3.519;3.216;3.24;350839
2022-03-02;3.25;3.294;2.961;3.05;861442
2022-03-03;2.99;3.05;2.94;3.02;627095
2022-03-04;3.063;3.063;2.972;3.01;285801
2022-03-07;3;3;2.723;2.825;614811
2022-03-08;2.89;2.977;2.8;2.88;225043
2022-03-09;2.91;3.11;2.899;2.943;497207
2022-03-10;2.98;3.1;2.95;3.002;275909
2022-03-11;3.047;3.16;3.047;3.07;248395
2022-03-14;3.061;3.58;3.021;3.58;560105
2022-03-15;3.54;3.97;3.4;3.482;1480223
2022-03-16;3.69;3.93;3.57;3.678;946287
2022-03-17;3.7;3.766;3.56;3.582;597014
2022-03-18;3.582;3.669;3.476;3.58;294454
2022-03-21;3.55;3.619;3.521;3.59;72013
2022-03-22;3.59;3.634;3.538;3.57;91101
2022-03-23;3.595;3.637;3.536;3.612;178120
2022-03-24;3.639;3.639;3.517;3.58;150699
2022-03-25;3.598;3.67;3.505;3.6;245263
2022-03-28;3.59;3.6;3.545;3.599;79718
2022-03-29;3.61;3.76;3.59;3.59;272949
2022-03-30;3.651;3.682;3.541;3.6;143033
2022-03-31;3.64;3.662;3.56;3.602;103253
2022-04-01;3.582;3.639;3.56;3.61;72345
2022-04-04;3.615;3.759;3.58;3.58;173946
2022-04-05;3.62;3.67;3.55;3.62;85221
2022-04-06;3.61;3.969;3.519;3.6;1040059
2022-04-07;3.65;3.747;3.54;3.58;284021
2022-04-08;3.561;3.632;3.423;3.559;332152
2022-04-11;3.559;3.6;3.51;3.6;82030
2022-04-12;3.6;3.602;3.532;3.585;81493
2022-04-13;3.596;3.596;3.5;3.544;85067
2022-04-14;3.544;3.767;3.522;3.7;476106
2022-04-19;3.715;3.715;3.5;3.562;203401
2022-04-20;3.564;3.68;3.543;3.565;147350
2022-04-21;3.6;3.61;3.56;3.58;103643
2022-04-22;3.601;3.678;3.52;3.522;131152
2022-04-25;3.52;3.6;3.52;3.53;154529
2022-04-26;3.53;3.588;3.4;3.4;91608
2022-04-27;3.4;3.4;3.3;3.3;235965
2022-04-28;3.305;3.38;3.3;3.305;85167
2022-04-29;3.35;3.399;3.33;3.343;61168
2022-05-02;3.349;3.379;3.3;3.373;59555
2022-05-04;3.373;3.386;3.25;3.25;80248
2022-05-05;3.25;3.35;3.1;3.16;165506
2022-05-06;3.15;3.15;3.031;3.1;163205
2022-05-09;3.102;3.348;3.101;3.11;173127
2022-05-10;3.05;3.151;3.05;3.136;63277
2022-05-11;3.166;3.166;3.08;3.107;66030
2022-05-12;3.1;3.142;3.04;3.1;81267
2022-05-13;3.133;3.193;3.114;3.167;50776
2022-05-16;3.167;3.22;3.123;3.197;84575
2022-05-17;3.215;3.23;3.143;3.18;41168
2022-05-18;3.39;3.459;3.263;3.263;395581
2022-05-19;3.26;3.337;3.25;3.295;55999
2022-05-20;3.3;3.391;3.3;3.34;94673
2022-05-23;3.345;3.448;3.343;3.39;116196
2022-05-24;3.4;3.429;3.3;3.35;67542
2022-05-25;3.3;3.399;3.27;3.39;74757
2022-05-26;3.399;3.445;3.3;3.44;100418
2022-05-27;3.45;3.45;3.38;3.412;71815
2022-05-30;3.42;3.48;3.412;3.47;135753
2022-05-31;3.492;3.492;3.406;3.47;38749
2022-06-01;3.47;3.477;3.4;3.45;44566
2022-06-02;3.415;3.7;3.41;3.65;365339
2022-06-03;3.7;3.7;3.508;3.59;112653
2022-06-06;3.61;3.61;3.421;3.46;145237
2022-06-07;3.48;3.48;3.373;3.46;47674
2022-06-08;3.48;3.49;3.395;3.468;48066
2022-06-09;3.469;3.469;3.38;3.4;42149
2022-06-10;3.38;3.381;3.25;3.3;89004
2022-06-13;3.3;3.3;3.05;3.08;146156
2022-06-14;3.08;3.145;3.04;3.07;56144
2022-06-15;3.05;3.119;2.99;3.078;71390
2022-06-17;3.099;3.179;3.004;3.008;106077
2022-06-20;3.01;3.06;2.99;3;168490
2022-06-21;3.024;3.09;3.01;3.073;53865
2022-06-22;3.07;3.072;3.013;3.049;25514
2022-06-23;3.015;3.1;3.01;3.073;40586
2022-06-24;3.073;3.17;3.015;3.17;56812
2022-06-27;3.17;3.2;3.126;3.153;46692
2022-06-28;3.141;3.43;3.141;3.41;313029
2022-06-29;3.343;3.399;3.3;3.39;66576
2022-06-30;3.39;3.39;3.297;3.3;64622
2022-07-01;3.38;3.7;3.161;3.64;593205
2022-07-04;3.648;3.648;3.479;3.548;159320
2022-07-05;3.58;3.585;3.3;3.429;106446
2022-07-06;3.48;3.6;3.3;3.454;107157
2022-07-07;3.454;3.521;3.355;3.42;158788
2022-07-08;3.497;3.6;3.45;3.589;386077
2022-07-11;3.59;3.9;3.529;3.73;716971
2022-07-12;3.75;3.86;3.5;3.516;326292
2022-07-13;3.503;3.53;3.32;3.429;262392
2022-07-14;3.399;3.459;3.27;3.348;137955
2022-07-15;3.363;3.55;3.282;3.505;99503
2022-07-18;3.47;3.53;3.411;3.505;109092
2022-07-19;3.52;3.583;3.384;3.545;83898
2022-07-20;3.54;4.7;3.49;4.68;5388056
2022-07-21;4.8;5.57;4.8;5.29;6828932
2022-07-22;5.45;5.5;5.042;5.212;2233176
2022-07-25;5.198;7.25;5.14;6.412;5878275
2022-07-26;6.69;7.358;6.466;7.04;5221356
2022-07-27;7.278;7.388;6.68;6.97;2441152
2022-07-28;7.06;7.18;5.9;6.07;3002871
2022-07-29;5.95;6.96;5.46;6.844;5254216
2022-08-01;6.95;7.168;6.7;6.93;1619852
2022-08-02;6.91;6.91;6.46;6.496;1066516
2022-08-03;6.38;6.88;6.22;6.74;1020392
2022-08-04;6.79;6.9;6.598;6.654;554441
2022-08-05;6.654;6.82;6.4;6.65;361124
2022-08-08;6.6;6.7;6.252;6.31;354361
2022-08-09;6.35;6.39;5.862;5.99;834637
2022-08-10;6.15;6.42;6.038;6.15;1013567
2022-08-11;6.21;6.3;6.05;6.082;235702
2022-08-12;6.03;6.168;5.872;5.922;395930
2022-08-16;5.886;5.99;5.66;5.72;421197
2022-08-17;5.7;6.1;5.66;5.752;749534
2022-08-18;5.77;5.77;5.5;5.5;467322
2022-08-19;5.498;5.634;5.112;5.218;919142
2022-08-22;5.2;5.476;5.128;5.128;332403
2022-08-23;5.128;5.4;5.02;5.24;382179
2022-08-24;5.2;5.93;5.2;5.85;1433246
2022-08-25;5.86;8.08;5.854;8.08;7416712
2022-08-26;8.5;9.95;8.18;8.4;11032829
2022-08-29;8;8.49;7.45;7.62;3512461
2022-08-30;7.756;8.294;7.65;7.85;2424723
2022-08-31;7.98;8.15;7.74;7.99;1061733
2022-09-01;7.92;8.08;7.4;7.4;1177797
2022-09-02;7.3;7.878;7.204;7.75;1247100
2022-09-05;7.75;7.794;7.14;7.35;783386
2022-09-06;7.338;7.66;6.952;6.958;1356735
2022-09-07;6.88;7.19;6.54;6.68;1378003
2022-09-08;6.88;7.196;6.76;7;1055666
2022-09-09;7.006;7.444;6.95;7.03;1135157
2022-09-12;7.088;7.27;6.76;6.85;959962
2022-09-13;6.87;6.89;6.3;6.33;979729
2022-09-14;6.33;6.66;6.22;6.386;873390
2022-09-15;6.396;6.396;6.03;6.162;931040
2022-09-16;6.076;7.69;6.07;7.4;5348558
2022-09-19;7.5;7.62;7.02;7.072;1709140
2022-09-20;7;7.18;6.52;6.628;1132536
2022-09-21;6.552;6.846;6.462;6.5;767270
2022-09-22;6.5;6.87;6.42;6.56;832308
2022-09-23;6.72;6.72;6.2;6.32;508339
2022-09-26;6.4;6.73;6;6.2;674422
2022-09-27;6.356;6.57;6.168;6.498;417427
2022-09-28;6.4;6.466;6.184;6.36;354823
2022-09-29;6.4;6.518;6.1;6.18;361505
2022-09-30;6.104;6.3;5.9;5.9;301913
2022-10-03;6;6;5.62;5.99;523217
2022-10-04;6.06;6.26;6.006;6.188;426745
2022-10-05;6.19;6.19;5.8;5.83;326623
2022-10-06;5.9;6.064;5.69;5.72;319217
2022-10-07;5.71;5.938;5.622;5.75;368037
2022-10-10;5.63;5.848;5.63;5.65;293995
2022-10-11;5.65;6.64;5.64;6.62;2007765
2022-10-12;6.618;6.644;6.14;6.2;690879
2022-10-13;6.144;6.53;6.082;6.332;591559
2022-10-14;6.5;6.52;6.22;6.22;236553
2022-10-17;6.22;6.33;6.1;6.15;357589
2022-10-18;6.25;6.39;6.12;6.35;428616
2022-10-19;6.378;6.38;6.206;6.35;275821
2022-10-20;6.226;6.388;6.15;6.388;341455
2022-10-21;6.35;7.11;6.28;6.844;1448199
2022-10-24;6.9;7.4;6.75;7.106;1539743
2022-10-25;7.142;7.33;6.82;6.88;969736
2022-10-26;6.84;6.982;6.56;6.72;714969
2022-10-27;6.8;7.15;6.738;6.9;652519
2022-10-28;7;7.18;6.84;7.176;431978
2022-10-31;7.2;7.3;7.036;7.29;431161
2022-11-02;7.4;7.576;7.01;7.062;877178
2022-11-03;7.05;7.22;6.95;7.14;375019
2022-11-04;7.2;7.35;7.03;7.19;487886
2022-11-07;7.29;7.29;6.802;6.98;744294
2022-11-08;7;7.76;6.902;7.7;1356836
2022-11-09;8.2;8.45;7.21;7.24;3814285
2022-11-10;7.22;7.378;7.06;7.102;969901
2022-11-14;7.178;7.298;7;7.05;697150
2022-11-15;7.006;7.186;6.95;7.042;402068
2022-11-16;6.95;7.416;6.87;7.3;854160
2022-11-17;7.298;7.3;7.004;7.07;301532
2022-11-18;7.064;7.18;7.02;7.05;165512
2022-11-21;7.12;7.18;6.994;7;264500
2022-11-22;7;7.07;6.96;6.99;208965
2022-11-23;6.998;7.25;6.994;7.056;359443
2022-11-24;7.072;7.142;7;7.03;279531
2022-11-25;7.03;7.15;6.96;7;303105
2022-11-28;6.962;7.054;6.772;6.79;600493
2022-11-29;6.77;6.77;6.278;6.402;1287558
2022-11-30;6.35;6.568;6.212;6.288;534331
2022-12-01;6;6.04;5.634;5.698;2894511
2022-12-02;5.69;5.85;5.57;5.58;1038761
2022-12-05;5.59;5.85;5.422;5.65;1544855
2022-12-06;5.7;5.792;5.58;5.666;464105
2022-12-07;5.722;5.994;5.626;5.856;1223251
2022-12-08;5.87;5.9;5.758;5.76;435488
2022-12-09;5.77;5.948;5.75;5.85;399954
2022-12-12;5.89;6.06;5.752;5.938;638449
2022-12-13;5.95;5.958;5.772;5.81;384890
2022-12-14;5.826;5.976;5.764;5.768;474598
2022-12-15;5.768;5.8;5.66;5.694;293174
2022-12-16;5.69;5.76;5.45;5.562;607482
2022-12-19;5.67;5.758;5.5;5.5;329876
2022-12-20;5.47;5.586;5.352;5.542;556276
2022-12-21;5.55;5.85;5.55;5.72;636131
2022-12-22;5.73;5.798;5.55;5.582;283386
2022-12-23;5.646;5.646;5.55;5.6;217391
2022-12-27;5.58;5.744;5.55;5.55;604557
2022-12-28;5.55;5.7;5.502;5.572;772188
2022-12-29;5.62;6.04;5.604;6.03;1471658
2022-12-30;6;6.322;5.922;5.99;1495576
